ORGANIZATION_ID,REPORT_ID,ALLOCATION_ID,DETAIL_SEQ_NO,ACTUAL_SEQ_NO,AMOUNT_VOLUME,UNIT_VOLUME,VALUE_TYPE_VOLUME,METHOD_ID_VOLUME,AMOUNT_RATE,UNIT_RATE,VALUE_TYPE_RATE,METHOD_ID_RATE,START_DATE,END_DATE
AKDNR,2016,212648,1922,1,1190479,1,1,1,,,,,01/01,01/31
AKDNR,2016,39797,842,10,65599000,1,1,1,,,,,10/01,10/31
AKDNR,2016,42925,221,6,105296000,1,1,1,,,,,06/01,06/30
AKDNR,2016,42925,221,7,118153000,1,1,1,,,,,07/01,07/31
AKDNR,2016,42925,221,8,147508000,1,1,1,,,,,08/01,08/31
AKDNR,2016,42925,221,9,133077000,1,1,1,,,,,09/01,09/30
AKDNR,2016,42925,221,10,133965000,1,1,1,,,,,10/01,10/31
AKDNR,2016,42925,221,11,87154000,1,1,1,,,,,11/01,30/01
AKDNR,2016,42925,221,12,90907000,1,1,1,,,,,12/01,12/31
AKDNR,2017,42925,221,1,149188000,1,1,1,,,,,01/01,01/31
AKDNR,2017,42925,221,2,221447000,1,1,1,,,,,02/01,02/28
AKDNR,2017,42925,221,3,210422000,1,1,1,,,,,03/01,03/31
AKDNR,2017,42925,221,4,124265000,1,1,1,,,,,04/01,04/30
AKDNR,2017,42925,221,5,125775000,1,1,1,,,,,05/01,05/31
AKDNR,2017,42925,221,6,108491000,1,1,1,,,,,06/01,06/30
AKDNR,2017,42925,221,7,136070000,1,1,1,,,,,07/01,07/31
AKDNR,2017,42925,221,8,186980000,1,1,1,,,,,08/01,08/31
AKDNR,2017,42925,221,9,189357000,1,1,1,,,,,09/01,09/30
AKDNR,2017,42925,221,10,183003000,1,1,1,,,,,10/01,10/31
AKDNR,2017,42925,221,11,104606000,1,1,1,,,,,11/01,30/01
AKDNR,2017,42925,221,12,86560000,1,1,1,,,,,12/01,12/31
AKDNR,2016,19238,302,6,15652715,1,1,1,,,,,06/01,06/30
AKDNR,2016,19238,302,7,16784930,1,1,1,,,,,07/01,07/31
AKDNR,2016,19238,302,8,17029031,1,1,1,,,,,08/01,08/31
AKDNR,2016,19238,302,9,17029031,1,1,1,,,,,09/01,09/30
AKDNR,2016,19238,302,10,15377056,1,1,1,,,,,10/01,10/31
AKDNR,2016,19238,302,11,14259097,1,1,1,,,,,11/01,30/01
AKDNR,2016,19238,302,12,15496786,1,1,1,,,,,12/01,12/31
AKDNR,2017,19238,302,1,12078867,1,1,1,,,,,01/01,01/31
AKDNR,2017,19238,302,2,12078867,1,1,1,,,,,02/01,02/28
AKDNR,2017,19238,302,3,11580810,1,1,1,,,,,03/01,03/31
AKDNR,2017,19238,302,4,12772890,1,1,1,,,,,04/01,04/30
AKDNR,2017,20178,2622,5,14868096,1,1,1,,,,,05/01,05/31
AKDNR,2017,20178,2622,6,15076576,1,1,1,,,,,06/01,06/30
AKDNR,2017,29486,2285,4,16005760,1,1,1,,,,,04/01,04/30
AKDNR,2016,29976,407,6,1240070,1,2,1,,,,,06/01,06/30
AKDNR,2016,29976,407,7,1650320,1,2,1,,,,,07/01,07/31
AKDNR,2016,29976,407,8,939030,1,2,1,,,,,08/01,08/31
AKDNR,2016,29976,407,9,336260,1,2,1,,,,,09/01,09/30
AKDNR,2016,29976,407,10,346700,1,2,1,,,,,10/01,10/31
AKDNR,2016,29976,407,11,303750,1,2,1,,,,,11/01,30/01
AKDNR,2016,29976,407,12,324300,1,2,1,,,,,12/01,12/31
AKDNR,2017,29976,407,1,349300,1,2,1,,,,,01/01,01/31
AKDNR,2017,29976,407,2,229250,1,2,1,,,,,02/01,02/28
AKDNR,2017,29976,407,3,492000,1,2,1,,,,,03/01,03/31
AKDNR,2017,29976,407,4,311950,1,2,1,,,,,04/01,04/30
AKDNR,2017,29976,407,5,250250,1,2,1,,,,,05/01,05/31
AKDNR,2017,29976,407,6,821500,1,2,1,,,,,06/01,06/30
AKDNR,2017,29976,407,7,683500,1,2,1,,,,,07/01,07/31
AKDNR,2017,29976,407,8,334250,1,2,1,,,,,08/01,08/31
AKDNR,2017,29976,407,9,242500,1,2,1,,,,,09/01,09/30
AKDNR,2017,29976,407,10,235500,1,2,1,,,,,10/01,10/31
AKDNR,2017,29976,407,11,198650,1,1,1,,,,,11/01,30/01
AKDNR,2017,29976,407,12,213500,1,2,1,,,,,12/01,12/31
AKDNR,2016,3260,1902,12,466.9,1,2,1,,,,,12/01,12/31
AKDNR,2017,3260,1902,1,353.22,1,1,1,,,,,01/01,01/31
AKDNR,2017,3260,1902,2,426.3,1,1,1,,,,,02/01,02/28
AKDNR,2017,3260,1902,3,1374.31,1,1,1,,,,,03/01,03/31
AKDNR,2016,3261,2062,12,3272.72,1,1,1,,,,,12/01,12/31
AKDNR,2016,3261,2061,12,1555.2,1,1,1,,,,,12/01,12/31
AKDNR,2016,3261,1882,12,133297.3,1,1,1,,,,,12/01,12/31
AKDNR,2017,3261,1882,1,131837.84,1,1,1,,,,,01/01,01/31
AKDNR,2017,3261,1882,2,95351.35,1,1,1,,,,,02/01,02/28
AKDNR,2017,3261,1882,3,154216.22,1,1,1,,,,,03/01,03/31
AKDNR,2016,A2014-102,401,4,0,1,2,1,,,,,04/01,04/30
AKDNR,2016,A2014-102,401,5,0,1,2,1,,,,,05/01,05/31
AKDNR,2016,A2014-102,401,6,0,1,2,1,,,,,06/01,06/30
AKDNR,2016,A2014-102,401,7,0,1,2,1,,,,,07/01,07/31
AKDNR,2016,A2014-102,401,8,0,1,2,1,,,,,08/01,08/31
AKDNR,2016,A2014-102,401,9,0,1,2,1,,,,,09/01,09/30
AKDNR,2016,A2014-102,401,10,0,1,2,1,,,,,10/01,10/31
AKDNR,2016,A2014-102,401,11,0,1,1,1,,,,,11/01,30/01
AKDNR,2016,A2014-102,401,12,0,1,2,1,,,,,12/01,12/31
AKDNR,2017,A2014-102,401,1,0,1,2,1,,,,,01/01,01/31
AKDNR,2017,A2014-102,401,2,0,1,2,1,,,,,02/01,02/28
AKDNR,2017,A2014-102,401,3,0,1,2,1,,,,,03/01,03/31
AKDNR,2017,A2014-102,401,4,0,1,2,1,,,,,04/01,04/30
AKDNR,2017,A2014-102,401,5,0,1,2,1,,,,,05/01,05/31
AKDNR,2017,A2014-102,401,6,0,1,2,1,,,,,06/01,06/30
AKDNR,2017,A2014-102,401,7,0,1,2,1,,,,,07/01,07/31
AKDNR,2017,A2014-102,401,8,0,1,2,1,,,,,08/01,08/31
AKDNR,2017,A2014-102,401,9,0,1,2,1,,,,,09/01,09/30
AKDNR,2017,A2014-102,401,10,0,1,2,1,,,,,10/01,10/31
AKDNR,2016,A2014-143,405,4,0,1,2,1,,,,,04/01,04/30
AKDNR,2016,A2014-143,403,4,0,1,2,1,,,,,04/01,04/30
AKDNR,2016,A2014-143,404,4,0,1,2,1,,,,,04/01,04/30
AKDNR,2016,A2014-143,405,5,0,1,2,1,,,,,05/01,05/31
AKDNR,2016,A2014-143,403,5,0,1,2,1,,,,,05/01,05/31
AKDNR,2016,A2014-143,404,5,0,1,2,1,,,,,05/01,05/31
AKDNR,2016,A2014-143,405,6,0,1,2,1,,,,,06/01,06/30
AKDNR,2016,A2014-143,403,6,0,1,2,1,,,,,06/01,06/30
AKDNR,2016,A2014-143,404,6,0,1,2,1,,,,,06/01,06/30
AKDNR,2016,A2014-143,405,7,0,1,2,1,,,,,07/01,07/31
AKDNR,2016,A2014-143,403,7,0,1,2,1,,,,,07/01,07/31
AKDNR,2016,A2014-143,404,7,0,1,2,1,,,,,07/01,07/31
AKDNR,2016,A2014-143,405,8,0,1,2,1,,,,,08/01,08/31
AKDNR,2016,A2014-143,403,8,0,1,2,1,,,,,08/01,08/31
AKDNR,2016,A2014-143,404,8,0,1,2,1,,,,,08/01,08/31
AKDNR,2016,A2014-143,405,9,0,1,2,1,,,,,09/01,09/30
AKDNR,2016,A2014-143,403,9,0,1,2,1,,,,,09/01,09/30
AKDNR,2016,A2014-143,404,9,0,1,2,1,,,,,09/01,09/30
AKDNR,2016,A2014-143,405,10,0,1,2,1,,,,,10/01,10/31
AKDNR,2016,A2014-143,403,10,0,1,2,1,,,,,10/01,10/31
AKDNR,2016,A2014-143,404,10,0,1,2,1,,,,,10/01,10/31
AKDNR,2016,A2014-143,405,11,0,1,2,1,,,,,11/01,30/01
AKDNR,2016,A2014-143,403,11,0,1,2,1,,,,,11/01,30/01
AKDNR,2016,A2014-143,404,11,0,1,2,1,,,,,11/01,30/01
AKDNR,2016,A2014-143,405,12,0,1,2,1,,,,,12/01,12/31
AKDNR,2016,A2014-143,403,12,0,1,2,1,,,,,12/01,12/31
AKDNR,2016,A2014-143,404,12,0,1,2,1,,,,,12/01,12/31
AKDNR,2017,A2014-143,405,1,0,1,2,1,,,,,01/01,01/31
AKDNR,2017,A2014-143,403,1,0,1,2,1,,,,,01/01,01/31
AKDNR,2017,A2014-143,404,1,0,1,2,1,,,,,01/01,01/31
AKDNR,2017,A2014-143,405,2,0,1,2,1,,,,,02/01,02/28
AKDNR,2017,A2014-143,403,2,0,1,2,1,,,,,02/01,02/28
AKDNR,2017,A2014-143,404,2,0,1,2,1,,,,,02/01,02/28
AKDNR,2017,A2014-143,405,3,0,1,2,1,,,,,03/01,03/31
AKDNR,2017,A2014-143,403,3,0,1,2,1,,,,,03/01,03/31
AKDNR,2017,A2014-143,404,3,0,1,2,1,,,,,03/01,03/31
AKDNR,2017,A2014-143,405,4,0,1,2,1,,,,,04/01,04/30
AKDNR,2017,A2014-143,403,4,0,1,2,1,,,,,04/01,04/30
AKDNR,2017,A2014-143,404,4,0,1,2,1,,,,,04/01,04/30
AKDNR,2017,A2014-143,405,5,0,1,2,1,,,,,05/01,05/31
AKDNR,2017,A2014-143,403,5,0,1,2,1,,,,,05/01,05/31
AKDNR,2017,A2014-143,404,5,0,1,2,1,,,,,05/01,05/31
AKDNR,2017,A2014-143,405,6,0,1,2,1,,,,,06/01,06/30
AKDNR,2017,A2014-143,403,6,0,1,2,1,,,,,06/01,06/30
AKDNR,2017,A2014-143,404,6,0,1,2,1,,,,,06/01,06/30
AKDNR,2017,A2014-143,405,7,0,1,2,1,,,,,07/01,07/31
AKDNR,2017,A2014-143,403,7,0,1,2,1,,,,,07/01,07/31
AKDNR,2017,A2014-143,404,7,0,1,2,1,,,,,07/01,07/31
AKDNR,2017,A2014-143,405,8,0,1,2,1,,,,,08/01,08/31
AKDNR,2017,A2014-143,403,8,0,1,2,1,,,,,08/01,08/31
AKDNR,2017,A2014-143,404,8,0,1,2,1,,,,,08/01,08/31
AKDNR,2017,A2014-143,405,9,0,1,2,1,,,,,09/01,09/30
AKDNR,2017,A2014-143,403,9,0,1,2,1,,,,,09/01,09/30
AKDNR,2017,A2014-143,404,9,0,1,2,1,,,,,09/01,09/30
AKDNR,2017,A2014-143,405,10,0,1,2,1,,,,,10/01,10/31
AKDNR,2017,A2014-143,403,10,0,1,2,1,,,,,10/01,10/31
AKDNR,2017,A2014-143,404,10,0,1,2,1,,,,,10/01,10/31
AKDNR,2017,A2014-143,405,11,0,1,2,1,,,,,11/01,30/01
AKDNR,2017,A2014-143,403,11,0,1,2,1,,,,,11/01,30/01
AKDNR,2017,A2014-143,405,12,0,1,2,1,,,,,12/01,12/31
AKDNR,2017,A2014-143,403,12,0,1,2,1,,,,,12/01,12/31
AKDNR,2017,A2014-143,404,12,0,1,2,1,,,,,12/01,12/31
AKDNR,2018,A2014-143,404,11,0,1,2,1,,,,,11/01,30/01
AKDNR,2017,A2015-116,2304,4,0,1,1,1,,,,,04/01,04/30
AKDNR,2017,A2015-116,2304,5,0,1,1,1,,,,,05/01,05/31
AKDNR,2017,A2015-116,2304,6,0,1,1,1,,,,,06/01,06/30
AKDNR,2016,A2016-53,2069,9,1678,1,2,1,,,,,09/01,09/30
AKDNR,2016,A2016-53,1102,9,7351,1,2,1,,,,,09/01,09/30
AKDNR,2016,A2016-53,1104,9,7351,1,2,1,,,,,09/01,09/30
AKDNR,2016,A2016-96,1400,9,1178000,1,2,1,,,,,09/01,09/30
AKDNR,2016,A2012-70,428,4,0,1,2,1,,,,,04/01,04/30
AKDNR,2016,A2012-70,429,4,0,1,2,1,,,,,04/01,04/30
AKDNR,2016,A2012-70,426,4,0,1,2,1,,,,,04/01,04/30
AKDNR,2016,A2012-70,424,4,0,1,2,1,,,,,04/01,04/30
AKDNR,2016,A2012-70,425,4,0,1,2,1,,,,,04/01,04/30
AKDNR,2016,A2012-70,428,5,0,1,2,1,,,,,05/01,05/31
AKDNR,2016,A2012-70,429,5,0,1,2,1,,,,,05/01,05/31
AKDNR,2016,A2012-70,426,5,0,1,2,1,,,,,05/01,05/31
AKDNR,2016,A2012-70,424,5,0,1,2,1,,,,,05/01,05/31
AKDNR,2016,A2012-70,425,5,0,1,2,1,,,,,05/01,05/31
AKDNR,2016,A2012-70,428,6,0,1,2,1,,,,,06/01,06/30
AKDNR,2016,A2012-70,429,6,0,1,2,1,,,,,06/01,06/30
AKDNR,2016,A2012-70,426,6,0,1,2,1,,,,,06/01,06/30
AKDNR,2016,A2012-70,424,6,0,1,2,1,,,,,06/01,06/30
AKDNR,2016,A2012-70,425,6,0,1,2,1,,,,,06/01,06/30
AKDNR,2016,A2012-70,428,7,0,1,2,1,,,,,07/01,07/31
AKDNR,2016,A2012-70,429,7,0,1,2,1,,,,,07/01,07/31
AKDNR,2016,A2012-70,426,7,0,1,2,1,,,,,07/01,07/31
AKDNR,2016,A2012-70,424,7,0,1,2,1,,,,,07/01,07/31
AKDNR,2016,A2012-70,425,7,0,1,2,1,,,,,07/01,07/31
AKDNR,2016,A2012-70,428,8,0,1,2,1,,,,,08/01,08/31
AKDNR,2016,A2012-70,429,8,0,1,2,1,,,,,08/01,08/31
AKDNR,2016,A2012-70,426,8,0,1,2,1,,,,,08/01,08/31
AKDNR,2016,A2012-70,424,8,0,1,2,1,,,,,08/01,08/31
AKDNR,2016,A2012-70,425,8,0,1,2,1,,,,,08/01,08/31
AKDNR,2016,A2012-70,428,9,0,1,2,1,,,,,09/01,09/30
AKDNR,2016,A2012-70,429,9,0,1,2,1,,,,,09/01,09/30
AKDNR,2016,A2012-70,426,9,0,1,2,1,,,,,09/01,09/30
AKDNR,2016,A2012-70,424,9,0,1,2,1,,,,,09/01,09/30
AKDNR,2016,A2012-70,425,9,0,1,2,1,,,,,09/01,09/30
AKDNR,2016,A2012-70,428,10,0,1,2,1,,,,,10/01,10/31
AKDNR,2016,A2012-70,429,10,0,1,2,1,,,,,10/01,10/31
AKDNR,2016,A2012-70,426,10,0,1,2,1,,,,,10/01,10/31
AKDNR,2016,A2012-70,424,10,0,1,2,1,,,,,10/01,10/31
AKDNR,2016,A2012-70,425,10,0,1,2,1,,,,,10/01,10/31
AKDNR,2016,A2012-70,428,11,0,1,2,1,,,,,11/01,30/01
AKDNR,2016,A2012-70,429,11,0,1,2,1,,,,,11/01,30/01
AKDNR,2016,A2012-70,426,11,0,1,2,1,,,,,11/01,30/01
AKDNR,2016,A2012-70,424,11,0,1,2,1,,,,,11/01,30/01
AKDNR,2016,A2012-70,425,11,0,1,2,1,,,,,11/01,30/01
AKDNR,2016,A2012-70,428,12,0,1,2,1,,,,,12/01,12/31
AKDNR,2016,A2012-70,429,12,0,1,2,1,,,,,12/01,12/31
AKDNR,2016,A2012-70,426,12,0,1,2,1,,,,,12/01,12/31
AKDNR,2016,A2012-70,424,12,0,1,2,1,,,,,12/01,12/31
AKDNR,2016,A2012-70,425,12,0,1,2,1,,,,,12/01,12/31
AKDNR,2017,A2012-70,428,1,0,1,2,1,,,,,01/01,01/31
AKDNR,2017,A2012-70,429,1,0,1,2,1,,,,,01/01,01/31
AKDNR,2017,A2012-70,426,1,0,1,2,1,,,,,01/01,01/31
AKDNR,2017,A2012-70,424,1,0,1,2,1,,,,,01/01,01/31
AKDNR,2017,A2012-70,425,1,0,1,2,1,,,,,01/01,01/31
AKDNR,2017,A2012-70,428,2,0,1,2,1,,,,,02/01,02/28
AKDNR,2017,A2012-70,429,2,0,1,2,1,,,,,02/01,02/28
AKDNR,2017,A2012-70,426,2,0,1,2,1,,,,,02/01,02/28
AKDNR,2017,A2012-70,424,2,0,1,2,1,,,,,02/01,02/28
AKDNR,2017,A2012-70,425,2,0,1,2,1,,,,,02/01,02/28
AKDNR,2017,A2012-70,428,3,0,1,2,1,,,,,03/01,03/31
AKDNR,2017,A2012-70,429,3,0,1,2,1,,,,,03/01,03/31
AKDNR,2017,A2012-70,426,3,0,1,2,1,,,,,03/01,03/31
AKDNR,2017,A2012-70,424,3,0,1,2,1,,,,,03/01,03/31
AKDNR,2017,A2012-70,425,3,0,1,2,1,,,,,03/01,03/31
AKDNR,2017,A2012-70,428,4,0,1,2,1,,,,,04/01,04/30
AKDNR,2017,A2012-70,429,4,0,1,2,1,,,,,04/01,04/30
AKDNR,2017,A2012-70,424,4,0,1,2,1,,,,,04/01,04/30
AKDNR,2017,A2012-70,425,4,0,1,2,1,,,,,04/01,04/30
AKDNR,2017,A2012-70,428,5,0,1,2,1,,,,,05/01,05/31
AKDNR,2017,A2012-70,429,5,0,1,2,1,,,,,05/01,05/31
AKDNR,2017,A2012-70,426,5,0,1,2,1,,,,,05/01,05/31
AKDNR,2017,A2012-70,424,5,0,1,2,1,,,,,05/01,05/31
AKDNR,2017,A2012-70,425,5,0,1,2,1,,,,,05/01,05/31
AKDNR,2017,A2012-70,428,6,0,1,2,1,,,,,06/01,06/30
AKDNR,2017,A2012-70,429,6,0,1,2,1,,,,,06/01,06/30
AKDNR,2017,A2012-70,426,6,0,1,2,1,,,,,06/01,06/30
AKDNR,2017,A2012-70,424,6,0,1,2,1,,,,,06/01,06/30
AKDNR,2017,A2012-70,425,6,0,1,2,1,,,,,06/01,06/30
AKDNR,2017,A2012-70,428,7,0,1,2,1,,,,,07/01,07/31
AKDNR,2017,A2012-70,429,7,0,1,2,1,,,,,07/01,07/31
AKDNR,2017,A2012-70,426,7,0,1,2,1,,,,,07/01,07/31
AKDNR,2017,A2012-70,424,7,0,1,2,1,,,,,07/01,07/31
AKDNR,2017,A2012-70,425,7,0,1,2,1,,,,,07/01,07/31
AKDNR,2017,A2012-70,428,8,0,1,2,1,,,,,08/01,08/31
AKDNR,2017,A2012-70,429,8,0,1,2,1,,,,,08/01,08/31
AKDNR,2017,A2012-70,426,8,0,1,2,1,,,,,08/01,08/31
AKDNR,2017,A2012-70,424,8,0,1,2,1,,,,,08/01,08/31
AKDNR,2017,A2012-70,425,8,0,1,2,1,,,,,08/01,08/31
AKDNR,2017,A2012-70,428,9,0,1,2,1,,,,,09/01,09/30
AKDNR,2017,A2012-70,429,9,0,1,2,1,,,,,09/01,09/30
AKDNR,2017,A2012-70,426,9,0,1,2,1,,,,,09/01,09/30
AKDNR,2017,A2012-70,424,9,0,1,2,1,,,,,09/01,09/30
AKDNR,2017,A2012-70,425,9,0,1,2,1,,,,,09/01,09/30
AKDNR,2016,A2012-71,422,4,0,1,2,1,,,,,04/01,04/30
AKDNR,2016,A2012-71,422,5,0,1,2,1,,,,,05/01,05/31
AKDNR,2016,A2012-71,422,6,0,1,2,1,,,,,06/01,06/30
AKDNR,2016,A2012-71,422,7,0,1,2,1,,,,,07/01,07/31
AKDNR,2016,A2012-71,422,8,0,1,2,1,,,,,08/01,08/31
AKDNR,2016,A2012-71,422,9,0,1,2,1,,,,,09/01,09/30
AKDNR,2016,A2012-71,422,10,0,1,2,1,,,,,10/01,10/31
AKDNR,2016,A2012-71,422,11,0,1,2,1,,,,,11/01,30/01
AKDNR,2016,A2012-71,422,12,0,1,2,1,,,,,12/01,12/31
AKDNR,2017,A2012-71,422,1,0,1,2,1,,,,,01/01,01/31
AKDNR,2017,A2012-71,422,2,0,1,2,1,,,,,02/01,02/28
AKDNR,2017,A2012-71,422,3,0,1,2,1,,,,,03/01,03/31
AKDNR,2017,A2012-71,422,4,0,1,2,1,,,,,04/01,04/30
AKDNR,2017,A2012-71,422,5,0,1,2,1,,,,,05/01,05/31
AKDNR,2017,A2012-71,422,6,0,1,2,1,,,,,06/01,06/30
AKDNR,2017,A2012-71,422,7,0,1,2,1,,,,,07/01,07/31
AKDNR,2017,A2012-71,422,8,0,1,2,1,,,,,08/01,08/31
AKDNR,2017,A2012-71,422,9,0,1,2,1,,,,,09/01,09/30
AKDNR,2016,A2012-72,357,4,0,1,2,1,,,,,04/01,04/30
AKDNR,2016,A2012-72,355,4,0,1,2,1,,,,,04/01,04/30
AKDNR,2016,A2012-72,358,4,0,1,2,1,,,,,04/01,04/30
AKDNR,2016,A2012-72,354,4,0,1,2,1,,,,,04/01,04/30
AKDNR,2016,A2012-72,356,4,0,1,2,1,,,,,04/01,04/30
AKDNR,2016,A2012-72,357,5,0,1,2,1,,,,,05/01,05/31
AKDNR,2016,A2012-72,355,5,0,1,2,1,,,,,05/01,05/31
AKDNR,2016,A2012-72,358,5,0,1,2,1,,,,,05/01,05/31
AKDNR,2016,A2012-72,354,5,0,1,2,1,,,,,05/01,05/31
AKDNR,2016,A2012-72,356,5,0,1,2,1,,,,,05/01,05/31
AKDNR,2016,A2012-72,357,6,0,1,2,1,,,,,06/01,06/30
AKDNR,2016,A2012-72,355,6,0,1,2,1,,,,,06/01,06/30
AKDNR,2016,A2012-72,358,6,0,1,2,1,,,,,06/01,06/30
AKDNR,2016,A2012-72,354,6,0,1,2,1,,,,,06/01,06/30
AKDNR,2016,A2012-72,356,6,0,1,2,1,,,,,06/01,06/30
AKDNR,2016,A2012-72,357,7,0,1,2,1,,,,,07/01,07/31
AKDNR,2016,A2012-72,355,7,0,1,2,1,,,,,07/01,07/31
AKDNR,2016,A2012-72,358,7,0,1,2,1,,,,,07/01,07/31
AKDNR,2016,A2012-72,354,7,0,1,2,1,,,,,07/01,07/31
AKDNR,2016,A2012-72,356,7,0,1,2,1,,,,,07/01,07/31
AKDNR,2016,A2012-72,357,8,0,1,2,1,,,,,08/01,08/31
AKDNR,2016,A2012-72,355,8,0,1,2,1,,,,,08/01,08/31
AKDNR,2016,A2012-72,358,8,0,1,2,1,,,,,08/01,08/31
AKDNR,2016,A2012-72,354,8,0,1,2,1,,,,,08/01,08/31
AKDNR,2016,A2012-72,356,8,0,1,2,1,,,,,08/01,08/31
AKDNR,2016,A2012-72,357,9,0,1,2,1,,,,,09/01,09/30
AKDNR,2016,A2012-72,355,9,0,1,2,1,,,,,09/01,09/30
AKDNR,2016,A2012-72,358,9,0,1,2,1,,,,,09/01,09/30
AKDNR,2016,A2012-72,354,9,0,1,2,1,,,,,09/01,09/30
AKDNR,2016,A2012-72,356,9,0,1,2,1,,,,,09/01,09/30
AKDNR,2016,A2012-72,357,10,0,1,2,1,,,,,10/01,10/31
AKDNR,2016,A2012-72,355,10,0,1,2,1,,,,,10/01,10/31
AKDNR,2016,A2012-72,358,10,0,1,2,1,,,,,10/01,10/31
AKDNR,2016,A2012-72,354,10,0,1,2,1,,,,,10/01,10/31
AKDNR,2016,A2012-72,356,10,0,1,2,1,,,,,10/01,10/31
AKDNR,2016,A2012-72,357,11,0,1,2,1,,,,,11/01,30/01
AKDNR,2016,A2012-72,355,11,0,1,2,1,,,,,11/01,30/01
AKDNR,2016,A2012-72,358,11,0,1,2,1,,,,,11/01,30/01
AKDNR,2016,A2012-72,354,11,0,1,2,1,,,,,11/01,30/01
AKDNR,2016,A2012-72,356,11,0,1,2,1,,,,,11/01,30/01
AKDNR,2016,A2012-72,357,12,0,1,2,1,,,,,12/01,12/31
AKDNR,2016,A2012-72,355,12,0,1,2,1,,,,,12/01,12/31
AKDNR,2016,A2012-72,358,12,0,1,2,1,,,,,12/01,12/31
AKDNR,2016,A2012-72,354,12,0,1,2,1,,,,,12/01,12/31
AKDNR,2016,A2012-72,356,12,0,1,2,1,,,,,12/01,12/31
AKDNR,2017,A2012-72,357,1,0,1,2,1,,,,,01/01,01/31
AKDNR,2017,A2012-72,355,1,0,1,2,1,,,,,01/01,01/31
AKDNR,2017,A2012-72,358,1,0,1,2,1,,,,,01/01,01/31
AKDNR,2017,A2012-72,354,1,0,1,2,1,,,,,01/01,01/31
AKDNR,2017,A2012-72,356,1,0,1,2,1,,,,,01/01,01/31
AKDNR,2017,A2012-72,357,2,0,1,2,1,,,,,02/01,02/28
AKDNR,2017,A2012-72,355,2,0,1,2,1,,,,,02/01,02/28
AKDNR,2017,A2012-72,358,2,0,1,2,1,,,,,02/01,02/28
AKDNR,2017,A2012-72,354,2,0,1,2,1,,,,,02/01,02/28
AKDNR,2017,A2012-72,356,2,0,1,2,1,,,,,02/01,02/28
AKDNR,2017,A2012-72,357,3,0,1,2,1,,,,,03/01,03/31
AKDNR,2017,A2012-72,355,3,0,1,2,1,,,,,03/01,03/31
AKDNR,2017,A2012-72,358,3,0,1,2,1,,,,,03/01,03/31
AKDNR,2017,A2012-72,354,3,0,1,2,1,,,,,03/01,03/31
AKDNR,2017,A2012-72,356,3,0,1,2,1,,,,,03/01,03/31
AKDNR,2017,A2012-72,357,4,0,1,2,1,,,,,04/01,04/30
AKDNR,2017,A2012-72,355,4,0,1,2,1,,,,,04/01,04/30
AKDNR,2017,A2012-72,358,4,0,1,2,1,,,,,04/01,04/30
AKDNR,2017,A2012-72,354,4,0,1,2,1,,,,,04/01,04/30
AKDNR,2017,A2012-72,356,4,0,1,2,1,,,,,04/01,04/30
AKDNR,2017,A2012-72,357,5,0,1,2,1,,,,,05/01,05/31
AKDNR,2017,A2012-72,355,5,0,1,2,1,,,,,05/01,05/31
AKDNR,2017,A2012-72,358,5,0,1,2,1,,,,,05/01,05/31
AKDNR,2017,A2012-72,354,5,0,1,2,1,,,,,05/01,05/31
AKDNR,2017,A2012-72,356,5,0,1,2,1,,,,,05/01,05/31
AKDNR,2017,A2012-72,357,6,0,1,2,1,,,,,06/01,06/30
AKDNR,2017,A2012-72,355,6,0,1,2,1,,,,,06/01,06/30
AKDNR,2017,A2012-72,358,6,0,1,2,1,,,,,06/01,06/30
AKDNR,2017,A2012-72,354,6,0,1,2,1,,,,,06/01,06/30
AKDNR,2017,A2012-72,356,6,0,1,2,1,,,,,06/01,06/30
AKDNR,2017,A2012-72,357,7,0,1,2,1,,,,,07/01,07/31
AKDNR,2017,A2012-72,355,7,0,1,2,1,,,,,07/01,07/31
AKDNR,2017,A2012-72,358,7,0,1,2,1,,,,,07/01,07/31
AKDNR,2017,A2012-72,354,7,0,1,2,1,,,,,07/01,07/31
AKDNR,2017,A2012-72,356,7,0,1,1,1,,,,,07/01,07/31
AKDNR,2017,A2012-72,357,8,0,1,2,1,,,,,08/01,08/31
AKDNR,2017,A2012-72,355,8,0,1,2,1,,,,,08/01,08/31
AKDNR,2017,A2012-72,358,8,0,1,2,1,,,,,08/01,08/31
AKDNR,2017,A2012-72,354,8,0,1,2,1,,,,,08/01,08/31
AKDNR,2017,A2012-72,356,8,0,1,2,1,,,,,08/01,08/31
AKDNR,2017,A2012-72,357,9,0,1,2,1,,,,,09/01,09/30
AKDNR,2017,A2012-72,355,9,0,1,2,1,,,,,09/01,09/30
AKDNR,2017,A2012-72,358,9,0,1,2,1,,,,,09/01,09/30
AKDNR,2017,A2012-72,354,9,0,1,2,1,,,,,09/01,09/30
AKDNR,2017,A2012-72,356,9,0,1,2,1,,,,,09/01,09/30
AKDNR,2016,A2012-73,328,4,0,1,2,1,,,,,04/01,04/30
AKDNR,2016,A2012-73,324,4,0,1,2,1,,,,,04/01,04/30
AKDNR,2016,A2012-73,325,4,0,1,2,1,,,,,04/01,04/30
AKDNR,2016,A2012-73,326,4,0,1,2,1,,,,,04/01,04/30
AKDNR,2016,A2012-73,327,4,0,1,2,1,,,,,04/01,04/30
AKDNR,2016,A2012-73,328,5,0,1,2,1,,,,,05/01,05/31
AKDNR,2016,A2012-73,324,5,0,1,2,1,,,,,05/01,05/31
AKDNR,2016,A2012-73,325,5,0,1,2,1,,,,,05/01,05/31
AKDNR,2016,A2012-73,326,5,0,1,2,1,,,,,05/01,05/31
AKDNR,2016,A2012-73,327,5,0,1,2,1,,,,,05/01,05/31
AKDNR,2016,A2012-73,328,6,0,1,2,1,,,,,06/01,06/30
AKDNR,2016,A2012-73,324,6,0,1,2,1,,,,,06/01,06/30
AKDNR,2016,A2012-73,325,6,0,1,2,1,,,,,06/01,06/30
AKDNR,2016,A2012-73,326,6,0,1,2,1,,,,,06/01,06/30
AKDNR,2016,A2012-73,327,6,0,1,2,1,,,,,06/01,06/30
AKDNR,2016,A2012-73,328,7,0,1,2,1,,,,,07/01,07/31
AKDNR,2016,A2012-73,324,7,0,1,2,1,,,,,07/01,07/31
AKDNR,2016,A2012-73,325,7,0,1,2,1,,,,,07/01,07/31
AKDNR,2016,A2012-73,326,7,0,1,2,1,,,,,07/01,07/31
AKDNR,2016,A2012-73,327,7,0,1,2,1,,,,,07/01,07/31
AKDNR,2016,A2012-73,328,8,0,1,2,1,,,,,08/01,08/31
AKDNR,2016,A2012-73,324,8,0,1,2,1,,,,,08/01,08/31
AKDNR,2016,A2012-73,325,8,0,1,2,1,,,,,08/01,08/31
AKDNR,2016,A2012-73,326,8,0,1,2,1,,,,,08/01,08/31
AKDNR,2016,A2012-73,327,8,0,1,2,1,,,,,08/01,08/31
AKDNR,2016,A2012-73,328,9,0,1,2,1,,,,,09/01,09/30
AKDNR,2016,A2012-73,324,9,0,1,2,1,,,,,09/01,09/30
AKDNR,2016,A2012-73,325,9,0,1,2,1,,,,,09/01,09/30
AKDNR,2016,A2012-73,326,9,0,1,2,1,,,,,09/01,09/30
AKDNR,2016,A2012-73,327,9,0,1,2,1,,,,,09/01,09/30
AKDNR,2016,A2012-73,328,10,0,1,2,1,,,,,10/01,10/31
AKDNR,2016,A2012-73,324,10,0,1,2,1,,,,,10/01,10/31
AKDNR,2016,A2012-73,325,10,0,1,2,1,,,,,10/01,10/31
AKDNR,2016,A2012-73,326,10,0,1,2,1,,,,,10/01,10/31
AKDNR,2016,A2012-73,327,10,0,1,2,1,,,,,10/01,10/31
AKDNR,2016,A2012-73,328,11,0,1,2,1,,,,,11/01,30/01
AKDNR,2016,A2012-73,324,11,0,1,2,1,,,,,11/01,30/01
AKDNR,2016,A2012-73,325,11,0,1,2,1,,,,,11/01,30/01
AKDNR,2016,A2012-73,326,11,0,1,2,1,,,,,11/01,30/01
AKDNR,2016,A2012-73,327,11,0,1,2,1,,,,,11/01,30/01
AKDNR,2016,A2012-73,328,12,0,1,2,1,,,,,12/01,12/31
AKDNR,2016,A2012-73,324,12,0,1,2,1,,,,,12/01,12/31
AKDNR,2016,A2012-73,325,12,0,1,2,1,,,,,12/01,12/31
AKDNR,2016,A2012-73,326,12,0,1,2,1,,,,,12/01,12/31
AKDNR,2016,A2012-73,327,12,0,1,2,1,,,,,12/01,12/31
AKDNR,2017,A2012-73,328,1,0,1,2,1,,,,,01/01,01/31
AKDNR,2017,A2012-73,324,1,0,1,2,1,,,,,01/01,01/31
AKDNR,2017,A2012-73,325,1,0,1,2,1,,,,,01/01,01/31
AKDNR,2017,A2012-73,326,1,0,1,2,1,,,,,01/01,01/31
AKDNR,2017,A2012-73,327,1,0,1,2,1,,,,,01/01,01/31
AKDNR,2017,A2012-73,328,2,0,1,2,1,,,,,02/01,02/28
AKDNR,2017,A2012-73,324,2,0,1,2,1,,,,,02/01,02/28
AKDNR,2017,A2012-73,325,2,0,1,2,1,,,,,02/01,02/28
AKDNR,2017,A2012-73,326,2,0,1,2,1,,,,,02/01,02/28
AKDNR,2017,A2012-73,327,2,0,1,2,1,,,,,02/01,02/28
AKDNR,2017,A2012-73,328,3,0,1,2,1,,,,,03/01,03/31
AKDNR,2017,A2012-73,324,3,0,1,2,1,,,,,03/01,03/31
AKDNR,2017,A2012-73,325,3,0,1,2,1,,,,,03/01,03/31
AKDNR,2017,A2012-73,326,3,0,1,2,1,,,,,03/01,03/31
AKDNR,2017,A2012-73,327,3,0,1,2,1,,,,,03/01,03/31
AKDNR,2017,A2012-73,328,4,0,1,2,1,,,,,04/01,04/30
AKDNR,2017,A2012-73,324,4,0,1,2,1,,,,,04/01,04/30
AKDNR,2017,A2012-73,325,4,0,1,2,1,,,,,04/01,04/30
AKDNR,2017,A2012-73,326,4,0,1,2,1,,,,,04/01,04/30
AKDNR,2017,A2012-73,327,4,0,1,2,1,,,,,04/01,04/30
AKDNR,2017,A2012-73,328,5,0,1,2,1,,,,,05/01,05/31
AKDNR,2017,A2012-73,324,5,0,1,2,1,,,,,05/01,05/31
AKDNR,2017,A2012-73,325,5,0,1,2,1,,,,,05/01,05/31
AKDNR,2017,A2012-73,326,5,0,1,2,1,,,,,05/01,05/31
AKDNR,2017,A2012-73,327,5,0,1,2,1,,,,,05/01,05/31
AKDNR,2017,A2012-73,328,6,0,1,2,1,,,,,06/01,06/30
AKDNR,2017,A2012-73,324,6,0,1,2,1,,,,,06/01,06/30
AKDNR,2017,A2012-73,325,6,0,1,2,1,,,,,06/01,06/30
AKDNR,2017,A2012-73,326,6,0,1,2,1,,,,,06/01,06/30
AKDNR,2017,A2012-73,327,6,0,1,2,1,,,,,06/01,06/30
AKDNR,2017,A2012-73,328,7,0,1,2,1,,,,,07/01,07/31
AKDNR,2017,A2012-73,324,7,0,1,2,1,,,,,07/01,07/31
AKDNR,2017,A2012-73,325,7,0,1,2,1,,,,,07/01,07/31
AKDNR,2017,A2012-73,326,7,0,1,2,1,,,,,07/01,07/31
AKDNR,2017,A2012-73,327,7,0,1,2,1,,,,,07/01,07/31
AKDNR,2017,A2012-73,328,8,0,1,2,1,,,,,08/01,08/31
AKDNR,2017,A2012-73,324,8,0,1,2,1,,,,,08/01,08/31
AKDNR,2017,A2012-73,325,8,0,1,2,1,,,,,08/01,08/31
AKDNR,2017,A2012-73,326,8,0,1,2,1,,,,,08/01,08/31
AKDNR,2017,A2012-73,327,8,0,1,2,1,,,,,08/01,08/31
AKDNR,2017,A2012-73,328,9,0,1,2,1,,,,,09/01,09/30
AKDNR,2017,A2012-73,324,9,0,1,2,1,,,,,09/01,09/30
AKDNR,2017,A2012-73,325,9,0,1,2,1,,,,,09/01,09/30
AKDNR,2017,A2012-73,326,9,0,1,2,1,,,,,09/01,09/30
AKDNR,2017,A2012-73,327,9,0,1,2,1,,,,,09/01,09/30
AKDNR,2016,A2012-74,334,4,0,1,2,1,,,,,04/01,04/30
AKDNR,2016,A2012-74,330,4,0,1,2,1,,,,,04/01,04/30
AKDNR,2016,A2012-74,331,4,0,1,2,1,,,,,04/01,04/30
AKDNR,2016,A2012-74,332,4,0,1,2,1,,,,,04/01,04/30
AKDNR,2016,A2012-74,333,4,0,1,2,1,,,,,04/01,04/30
AKDNR,2016,A2012-74,334,5,0,1,2,1,,,,,05/01,05/31
AKDNR,2016,A2012-74,330,5,0,1,2,1,,,,,05/01,05/31
AKDNR,2016,A2012-74,331,5,0,1,2,1,,,,,05/01,05/31
AKDNR,2016,A2012-74,332,5,0,1,2,1,,,,,05/01,05/31
AKDNR,2016,A2012-74,333,5,0,1,2,1,,,,,05/01,05/31
AKDNR,2016,A2012-74,334,6,0,1,2,1,,,,,06/01,06/30
AKDNR,2016,A2012-74,330,6,0,1,2,1,,,,,06/01,06/30
AKDNR,2016,A2012-74,331,6,0,1,2,1,,,,,06/01,06/30
AKDNR,2016,A2012-74,332,6,0,1,2,1,,,,,06/01,06/30
AKDNR,2016,A2012-74,333,6,0,1,2,1,,,,,06/01,06/30
AKDNR,2016,A2012-74,334,7,0,1,2,1,,,,,07/01,07/31
AKDNR,2016,A2012-74,330,7,0,1,2,1,,,,,07/01,07/31
AKDNR,2016,A2012-74,331,7,0,1,2,1,,,,,07/01,07/31
AKDNR,2016,A2012-74,332,7,0,1,2,1,,,,,07/01,07/31
AKDNR,2016,A2012-74,333,7,0,1,2,1,,,,,07/01,07/31
AKDNR,2016,A2012-74,334,8,0,1,2,1,,,,,08/01,08/31
AKDNR,2016,A2012-74,330,8,0,1,2,1,,,,,08/01,08/31
AKDNR,2016,A2012-74,331,8,0,1,2,1,,,,,08/01,08/31
AKDNR,2016,A2012-74,332,8,0,1,2,1,,,,,08/01,08/31
AKDNR,2016,A2012-74,333,8,0,1,2,1,,,,,08/01,08/31
AKDNR,2016,A2012-74,334,9,0,1,2,1,,,,,09/01,09/30
AKDNR,2016,A2012-74,330,9,0,1,2,1,,,,,09/01,09/30
AKDNR,2016,A2012-74,331,9,0,1,2,1,,,,,09/01,09/30
AKDNR,2016,A2012-74,332,9,0,1,1,1,,,,,09/01,09/30
AKDNR,2016,A2012-74,333,9,0,1,2,1,,,,,09/01,09/30
AKDNR,2016,A2012-74,334,10,0,1,2,1,,,,,10/01,10/31
AKDNR,2016,A2012-74,330,10,0,1,2,1,,,,,10/01,10/31
AKDNR,2016,A2012-74,331,10,0,1,2,1,,,,,10/01,10/31
AKDNR,2016,A2012-74,332,10,0,1,2,1,,,,,10/01,10/31
AKDNR,2016,A2012-74,333,10,0,1,2,1,,,,,10/01,10/31
AKDNR,2016,A2012-74,334,11,0,1,2,1,,,,,11/01,30/01
AKDNR,2016,A2012-74,330,11,0,1,2,1,,,,,11/01,30/01
AKDNR,2016,A2012-74,331,11,0,1,2,1,,,,,11/01,30/01
AKDNR,2016,A2012-74,332,11,0,1,2,1,,,,,11/01,30/01
AKDNR,2016,A2012-74,333,11,0,1,2,1,,,,,11/01,30/01
AKDNR,2016,A2012-74,334,12,0,1,2,1,,,,,12/01,12/31
AKDNR,2016,A2012-74,330,12,0,1,2,1,,,,,12/01,12/31
AKDNR,2016,A2012-74,331,12,0,1,2,1,,,,,12/01,12/31
AKDNR,2016,A2012-74,332,12,0,1,2,1,,,,,12/01,12/31
AKDNR,2016,A2012-74,333,12,0,1,2,1,,,,,12/01,12/31
AKDNR,2017,A2012-74,334,1,0,1,2,1,,,,,01/01,01/31
AKDNR,2017,A2012-74,330,1,0,1,2,1,,,,,01/01,01/31
AKDNR,2017,A2012-74,331,1,0,1,2,1,,,,,01/01,01/31
AKDNR,2017,A2012-74,332,1,0,1,2,1,,,,,01/01,01/31
AKDNR,2017,A2012-74,333,1,0,1,2,1,,,,,01/01,01/31
AKDNR,2017,A2012-74,334,2,0,1,2,1,,,,,02/01,02/28
AKDNR,2017,A2012-74,330,2,0,1,2,1,,,,,02/01,02/28
AKDNR,2017,A2012-74,331,2,0,1,2,1,,,,,02/01,02/28
AKDNR,2017,A2012-74,332,2,0,1,2,1,,,,,02/01,02/28
AKDNR,2017,A2012-74,333,2,0,1,2,1,,,,,02/01,02/28
AKDNR,2017,A2012-74,334,3,0,1,2,1,,,,,03/01,03/31
AKDNR,2017,A2012-74,330,3,0,1,2,1,,,,,03/01,03/31
AKDNR,2017,A2012-74,331,3,0,1,2,1,,,,,03/01,03/31
AKDNR,2017,A2012-74,332,3,0,1,2,1,,,,,03/01,03/31
AKDNR,2017,A2012-74,333,3,0,1,2,1,,,,,03/01,03/31
AKDNR,2017,A2012-74,334,4,0,1,2,1,,,,,04/01,04/30
AKDNR,2017,A2012-74,330,4,0,1,2,1,,,,,04/01,04/30
AKDNR,2017,A2012-74,331,4,0,1,2,1,,,,,04/01,04/30
AKDNR,2017,A2012-74,332,4,0,1,2,1,,,,,04/01,04/30
AKDNR,2017,A2012-74,333,4,0,1,2,1,,,,,04/01,04/30
AKDNR,2017,A2012-74,334,5,0,1,2,1,,,,,05/01,05/31
AKDNR,2017,A2012-74,330,5,0,1,2,1,,,,,05/01,05/31
AKDNR,2017,A2012-74,331,5,0,1,2,1,,,,,05/01,05/31
AKDNR,2017,A2012-74,332,5,0,1,2,1,,,,,05/01,05/31
AKDNR,2017,A2012-74,333,5,0,1,2,1,,,,,05/01,05/31
AKDNR,2017,A2012-74,334,6,0,1,2,1,,,,,06/01,06/30
AKDNR,2017,A2012-74,330,6,0,1,2,1,,,,,06/01,06/30
AKDNR,2017,A2012-74,331,6,0,1,2,1,,,,,06/01,06/30
AKDNR,2017,A2012-74,332,6,0,1,2,1,,,,,06/01,06/30
AKDNR,2017,A2012-74,333,6,0,1,2,1,,,,,06/01,06/30
AKDNR,2017,A2012-74,334,7,0,1,2,1,,,,,07/01,07/31
AKDNR,2017,A2012-74,330,7,0,1,2,1,,,,,07/01,07/31
AKDNR,2017,A2012-74,331,7,0,1,2,1,,,,,07/01,07/31
AKDNR,2017,A2012-74,332,7,0,1,2,1,,,,,07/01,07/31
AKDNR,2017,A2012-74,333,7,0,1,2,1,,,,,07/01,07/31
AKDNR,2017,A2012-74,334,8,0,1,2,1,,,,,08/01,08/31
AKDNR,2017,A2012-74,330,8,0,1,2,1,,,,,08/01,08/31
AKDNR,2017,A2012-74,331,8,0,1,2,1,,,,,08/01,08/31
AKDNR,2017,A2012-74,332,8,0,1,2,1,,,,,08/01,08/31
AKDNR,2017,A2012-74,333,8,0,1,2,1,,,,,08/01,08/31
AKDNR,2017,A2012-74,334,9,0,1,2,1,,,,,09/01,09/30
AKDNR,2017,A2012-74,330,9,0,1,2,1,,,,,09/01,09/30
AKDNR,2017,A2012-74,331,9,0,1,2,1,,,,,09/01,09/30
AKDNR,2017,A2012-74,332,9,0,1,2,1,,,,,09/01,09/30
AKDNR,2017,A2012-74,333,9,0,1,2,1,,,,,09/01,09/30
AKDNR,2016,A2012-75,340,4,0,1,2,1,,,,,04/01,04/30
AKDNR,2016,A2012-75,336,4,0,1,2,1,,,,,04/01,04/30
AKDNR,2016,A2012-75,337,4,0,1,2,1,,,,,04/01,04/30
AKDNR,2016,A2012-75,338,4,0,1,2,1,,,,,04/01,04/30
AKDNR,2016,A2012-75,339,4,0,1,2,1,,,,,04/01,04/30
AKDNR,2016,A2012-75,340,5,0,1,2,1,,,,,05/01,05/31
AKDNR,2016,A2012-75,336,5,0,1,2,1,,,,,05/01,05/31
AKDNR,2016,A2012-75,337,5,0,1,2,1,,,,,05/01,05/31
AKDNR,2016,A2012-75,338,5,0,1,2,1,,,,,05/01,05/31
AKDNR,2016,A2012-75,339,5,0,1,2,1,,,,,05/01,05/31
AKDNR,2016,A2012-75,340,6,0,1,2,1,,,,,06/01,06/30
AKDNR,2016,A2012-75,336,6,0,1,2,1,,,,,06/01,06/30
AKDNR,2016,A2012-75,337,6,0,1,2,1,,,,,06/01,06/30
AKDNR,2016,A2012-75,338,6,0,1,2,1,,,,,06/01,06/30
AKDNR,2016,A2012-75,339,6,0,1,2,1,,,,,06/01,06/30
AKDNR,2016,A2012-75,340,7,0,1,2,1,,,,,07/01,07/31
AKDNR,2016,A2012-75,336,7,0,1,2,1,,,,,07/01,07/31
AKDNR,2016,A2012-75,337,7,0,1,2,1,,,,,07/01,07/31
AKDNR,2016,A2012-75,338,7,0,1,2,1,,,,,07/01,07/31
AKDNR,2016,A2012-75,339,7,0,1,2,1,,,,,07/01,07/31
AKDNR,2016,A2012-75,340,8,0,1,2,1,,,,,08/01,08/31
AKDNR,2016,A2012-75,336,8,0,1,2,1,,,,,08/01,08/31
AKDNR,2016,A2012-75,337,8,0,1,2,1,,,,,08/01,08/31
AKDNR,2016,A2012-75,338,8,0,1,2,1,,,,,08/01,08/31
AKDNR,2016,A2012-75,339,8,0,1,2,1,,,,,08/01,08/31
AKDNR,2016,A2012-75,340,9,0,1,2,1,,,,,09/01,09/30
AKDNR,2016,A2012-75,336,9,0,1,2,1,,,,,09/01,09/30
AKDNR,2016,A2012-75,337,9,0,1,2,1,,,,,09/01,09/30
AKDNR,2016,A2012-75,338,9,0,1,2,1,,,,,09/01,09/30
AKDNR,2016,A2012-75,339,9,0,1,2,1,,,,,09/01,09/30
AKDNR,2016,A2012-75,340,10,0,1,2,1,,,,,10/01,10/31
AKDNR,2016,A2012-75,336,10,0,1,2,1,,,,,10/01,10/31
AKDNR,2016,A2012-75,337,10,0,1,2,1,,,,,10/01,10/31
AKDNR,2016,A2012-75,338,10,0,1,2,1,,,,,10/01,10/31
AKDNR,2016,A2012-75,339,10,0,1,2,1,,,,,10/01,10/31
AKDNR,2016,A2012-75,340,11,0,1,2,1,,,,,11/01,30/01
AKDNR,2016,A2012-75,336,11,0,1,2,1,,,,,11/01,30/01
AKDNR,2016,A2012-75,337,11,0,1,2,1,,,,,11/01,30/01
AKDNR,2016,A2012-75,338,11,0,1,2,1,,,,,11/01,30/01
AKDNR,2016,A2012-75,339,11,0,1,2,1,,,,,11/01,30/01
AKDNR,2016,A2012-75,340,12,0,1,2,1,,,,,12/01,12/31
AKDNR,2016,A2012-75,336,12,0,1,2,1,,,,,12/01,12/31
AKDNR,2016,A2012-75,337,12,0,1,2,1,,,,,12/01,12/31
AKDNR,2016,A2012-75,338,12,0,1,2,1,,,,,12/01,12/31
AKDNR,2016,A2012-75,339,12,0,1,2,1,,,,,12/01,12/31
AKDNR,2017,A2012-75,340,1,0,1,2,1,,,,,01/01,01/31
AKDNR,2017,A2012-75,336,1,0,1,2,1,,,,,01/01,01/31
AKDNR,2017,A2012-75,337,1,0,1,2,1,,,,,01/01,01/31
AKDNR,2017,A2012-75,338,1,0,1,2,1,,,,,01/01,01/31
AKDNR,2017,A2012-75,339,1,0,1,2,1,,,,,01/01,01/31
AKDNR,2017,A2012-75,340,2,0,1,2,1,,,,,02/01,02/28
AKDNR,2017,A2012-75,336,2,0,1,2,1,,,,,02/01,02/28
AKDNR,2017,A2012-75,337,2,0,1,2,1,,,,,02/01,02/28
AKDNR,2017,A2012-75,338,2,0,1,2,1,,,,,02/01,02/28
AKDNR,2017,A2012-75,339,2,0,1,2,1,,,,,02/01,02/28
AKDNR,2017,A2012-75,340,3,0,1,2,1,,,,,03/01,03/31
AKDNR,2017,A2012-75,336,3,0,1,2,1,,,,,03/01,03/31
AKDNR,2017,A2012-75,337,3,0,1,2,1,,,,,03/01,03/31
AKDNR,2017,A2012-75,338,3,0,1,2,1,,,,,03/01,03/31
AKDNR,2017,A2012-75,339,3,0,1,2,1,,,,,03/01,03/31
AKDNR,2017,A2012-75,340,4,0,1,2,1,,,,,04/01,04/30
AKDNR,2017,A2012-75,336,4,0,1,2,1,,,,,04/01,04/30
AKDNR,2017,A2012-75,337,4,0,1,2,1,,,,,04/01,04/30
AKDNR,2017,A2012-75,338,4,0,1,2,1,,,,,04/01,04/30
AKDNR,2017,A2012-75,339,4,0,1,2,1,,,,,04/01,04/30
AKDNR,2017,A2012-75,340,5,0,1,2,1,,,,,05/01,05/31
AKDNR,2017,A2012-75,336,5,0,1,2,1,,,,,05/01,05/31
AKDNR,2017,A2012-75,337,5,0,1,2,1,,,,,05/01,05/31
AKDNR,2017,A2012-75,338,5,0,1,2,1,,,,,05/01,05/31
AKDNR,2017,A2012-75,339,5,0,1,2,1,,,,,05/01,05/31
AKDNR,2017,A2012-75,340,6,0,1,2,1,,,,,06/01,06/30
AKDNR,2017,A2012-75,336,6,0,1,2,1,,,,,06/01,06/30
AKDNR,2017,A2012-75,337,6,0,1,2,1,,,,,06/01,06/30
AKDNR,2017,A2012-75,338,6,0,1,2,1,,,,,06/01,06/30
AKDNR,2017,A2012-75,339,6,0,1,2,1,,,,,06/01,06/30
AKDNR,2017,A2012-75,340,7,0,1,2,1,,,,,07/01,07/31
AKDNR,2017,A2012-75,336,7,0,1,2,1,,,,,07/01,07/31
AKDNR,2017,A2012-75,337,7,0,1,2,1,,,,,07/01,07/31
AKDNR,2017,A2012-75,338,7,0,1,2,1,,,,,07/01,07/31
AKDNR,2017,A2012-75,339,7,0,1,2,1,,,,,07/01,07/31
AKDNR,2017,A2012-75,340,8,0,1,2,1,,,,,08/01,08/31
AKDNR,2017,A2012-75,336,8,0,1,2,1,,,,,08/01,08/31
AKDNR,2017,A2012-75,337,8,0,1,2,1,,,,,08/01,08/31
AKDNR,2017,A2012-75,338,8,0,1,2,1,,,,,08/01,08/31
AKDNR,2017,A2012-75,339,8,0,1,2,1,,,,,08/01,08/31
AKDNR,2017,A2012-75,340,9,0,1,2,1,,,,,09/01,09/30
AKDNR,2017,A2012-75,336,9,0,1,2,1,,,,,09/01,09/30
AKDNR,2017,A2012-75,337,9,0,1,2,1,,,,,09/01,09/30
AKDNR,2017,A2012-75,338,9,0,1,2,1,,,,,09/01,09/30
AKDNR,2017,A2012-75,339,9,0,1,2,1,,,,,09/01,09/30
AKDNR,2016,A2012-76,346,4,0,1,2,1,,,,,04/01,04/30
AKDNR,2016,A2012-76,345,4,0,1,2,1,,,,,04/01,04/30
AKDNR,2016,A2012-76,342,4,0,1,2,1,,,,,04/01,04/30
AKDNR,2016,A2012-76,343,4,0,1,2,1,,,,,04/01,04/30
AKDNR,2016,A2012-76,344,4,0,1,2,1,,,,,04/01,04/30
AKDNR,2016,A2012-76,346,5,0,1,2,1,,,,,05/01,05/31
AKDNR,2016,A2012-76,345,5,0,1,2,1,,,,,05/01,05/31
AKDNR,2016,A2012-76,342,5,0,1,2,1,,,,,05/01,05/31
AKDNR,2016,A2012-76,343,5,0,1,2,1,,,,,05/01,05/31
AKDNR,2016,A2012-76,344,5,0,1,2,1,,,,,05/01,05/31
AKDNR,2016,A2012-76,346,6,0,1,2,1,,,,,06/01,06/30
AKDNR,2016,A2012-76,345,6,0,1,2,1,,,,,06/01,06/30
AKDNR,2016,A2012-76,342,6,0,1,2,1,,,,,06/01,06/30
AKDNR,2016,A2012-76,343,6,0,1,2,1,,,,,06/01,06/30
AKDNR,2016,A2012-76,344,6,0,1,2,1,,,,,06/01,06/30
AKDNR,2016,A2012-76,346,7,0,1,2,1,,,,,07/01,07/31
AKDNR,2016,A2012-76,345,7,0,1,2,1,,,,,07/01,07/31
AKDNR,2016,A2012-76,342,7,0,1,2,1,,,,,07/01,07/31
AKDNR,2016,A2012-76,343,7,0,1,2,1,,,,,07/01,07/31
AKDNR,2016,A2012-76,344,7,0,1,2,1,,,,,07/01,07/31
AKDNR,2016,A2012-76,346,8,0,1,2,1,,,,,08/01,08/31
AKDNR,2016,A2012-76,345,8,0,1,2,1,,,,,08/01,08/31
AKDNR,2016,A2012-76,342,8,0,1,2,1,,,,,08/01,08/31
AKDNR,2016,A2012-76,343,8,0,1,2,1,,,,,08/01,08/31
AKDNR,2016,A2012-76,344,8,0,1,2,1,,,,,08/01,08/31
AKDNR,2016,A2012-76,346,9,0,1,2,1,,,,,09/01,09/30
AKDNR,2016,A2012-76,345,9,0,1,2,1,,,,,09/01,09/30
AKDNR,2016,A2012-76,342,9,0,1,2,1,,,,,09/01,09/30
AKDNR,2016,A2012-76,343,9,0,1,2,1,,,,,09/01,09/30
AKDNR,2016,A2012-76,344,9,0,1,2,1,,,,,09/01,09/30
AKDNR,2016,A2012-76,346,10,0,1,2,1,,,,,10/01,10/31
AKDNR,2016,A2012-76,345,10,0,1,2,1,,,,,10/01,10/31
AKDNR,2016,A2012-76,342,10,0,1,2,1,,,,,10/01,10/31
AKDNR,2016,A2012-76,343,10,0,1,2,1,,,,,10/01,10/31
AKDNR,2016,A2012-76,344,10,0,1,2,1,,,,,10/01,10/31
AKDNR,2016,A2012-76,346,11,0,1,2,1,,,,,11/01,30/01
AKDNR,2016,A2012-76,345,11,0,1,2,1,,,,,11/01,30/01
AKDNR,2016,A2012-76,342,11,0,1,2,1,,,,,11/01,30/01
AKDNR,2016,A2012-76,343,11,0,1,2,1,,,,,11/01,30/01
AKDNR,2016,A2012-76,344,11,0,1,2,1,,,,,11/01,30/01
AKDNR,2016,A2012-76,346,12,0,1,2,1,,,,,12/01,12/31
AKDNR,2016,A2012-76,345,12,0,1,2,1,,,,,12/01,12/31
AKDNR,2016,A2012-76,342,12,0,1,2,1,,,,,12/01,12/31
AKDNR,2016,A2012-76,343,12,0,1,2,1,,,,,12/01,12/31
AKDNR,2016,A2012-76,344,12,0,1,2,1,,,,,12/01,12/31
AKDNR,2017,A2012-76,346,1,0,1,2,1,,,,,01/01,01/31
AKDNR,2017,A2012-76,345,1,0,1,2,1,,,,,01/01,01/31
AKDNR,2017,A2012-76,342,1,0,1,2,1,,,,,01/01,01/31
AKDNR,2017,A2012-76,343,1,0,1,2,1,,,,,01/01,01/31
AKDNR,2017,A2012-76,344,1,0,1,2,1,,,,,01/01,01/31
AKDNR,2017,A2012-76,346,2,0,1,2,1,,,,,02/01,02/28
AKDNR,2017,A2012-76,345,2,0,1,2,1,,,,,02/01,02/28
AKDNR,2017,A2012-76,342,2,0,1,2,1,,,,,02/01,02/28
AKDNR,2017,A2012-76,343,2,0,1,2,1,,,,,02/01,02/28
AKDNR,2017,A2012-76,344,2,0,1,2,1,,,,,02/01,02/28
AKDNR,2017,A2012-76,346,3,0,1,2,1,,,,,03/01,03/31
AKDNR,2017,A2012-76,345,3,0,1,2,1,,,,,03/01,03/31
AKDNR,2017,A2012-76,342,3,0,1,2,1,,,,,03/01,03/31
AKDNR,2017,A2012-76,343,3,0,1,2,1,,,,,03/01,03/31
AKDNR,2017,A2012-76,344,3,0,1,2,1,,,,,03/01,03/31
AKDNR,2017,A2012-76,346,4,0,1,2,1,,,,,04/01,04/30
AKDNR,2017,A2012-76,345,4,0,1,2,1,,,,,04/01,04/30
AKDNR,2017,A2012-76,342,4,0,1,2,1,,,,,04/01,04/30
AKDNR,2017,A2012-76,343,4,0,1,2,1,,,,,04/01,04/30
AKDNR,2017,A2012-76,344,4,0,1,2,1,,,,,04/01,04/30
AKDNR,2017,A2012-76,346,5,0,1,2,1,,,,,05/01,05/31
AKDNR,2017,A2012-76,345,5,0,1,2,1,,,,,05/01,05/31
AKDNR,2017,A2012-76,342,5,0,1,2,1,,,,,05/01,05/31
AKDNR,2017,A2012-76,343,5,0,1,2,1,,,,,05/01,05/31
AKDNR,2017,A2012-76,344,5,0,1,2,1,,,,,05/01,05/31
AKDNR,2017,A2012-76,346,6,0,1,2,1,,,,,06/01,06/30
AKDNR,2017,A2012-76,345,6,0,1,2,1,,,,,06/01,06/30
AKDNR,2017,A2012-76,342,6,0,1,2,1,,,,,06/01,06/30
AKDNR,2017,A2012-76,343,6,0,1,2,1,,,,,06/01,06/30
AKDNR,2017,A2012-76,344,6,0,1,2,1,,,,,06/01,06/30
AKDNR,2017,A2012-76,346,7,0,1,2,1,,,,,07/01,07/31
AKDNR,2017,A2012-76,345,7,0,1,2,1,,,,,07/01,07/31
AKDNR,2017,A2012-76,342,7,0,1,2,1,,,,,07/01,07/31
AKDNR,2017,A2012-76,343,7,0,1,2,1,,,,,07/01,07/31
AKDNR,2017,A2012-76,344,7,0,1,2,1,,,,,07/01,07/31
AKDNR,2017,A2012-76,346,8,0,1,2,1,,,,,08/01,08/31
AKDNR,2017,A2012-76,345,8,0,1,2,1,,,,,08/01,08/31
AKDNR,2017,A2012-76,342,8,0,1,2,1,,,,,08/01,08/31
AKDNR,2017,A2012-76,343,8,0,1,2,1,,,,,08/01,08/31
AKDNR,2017,A2012-76,344,8,0,1,2,1,,,,,08/01,08/31
AKDNR,2017,A2012-76,346,9,0,1,2,1,,,,,09/01,09/30
AKDNR,2017,A2012-76,345,9,0,1,2,1,,,,,09/01,09/30
AKDNR,2017,A2012-76,342,9,0,1,2,1,,,,,09/01,09/30
AKDNR,2017,A2012-76,343,9,0,1,2,1,,,,,09/01,09/30
AKDNR,2017,A2012-76,344,9,0,1,2,1,,,,,09/01,09/30
AKDNR,2016,A2012-77,364,4,1018680,1,2,1,,,,,04/01,04/30
AKDNR,2016,A2012-77,360,4,0,1,2,1,,,,,04/01,04/30
AKDNR,2016,A2012-77,361,4,0,1,2,1,,,,,04/01,04/30
AKDNR,2016,A2012-77,362,4,0,1,2,1,,,,,04/01,04/30
AKDNR,2016,A2012-77,363,4,161280,1,2,1,,,,,04/01,04/30
AKDNR,2016,A2012-77,364,5,782640,1,2,1,,,,,05/01,05/31
AKDNR,2016,A2012-77,360,5,0,1,2,1,,,,,05/01,05/31
AKDNR,2016,A2012-77,361,5,0,1,2,1,,,,,05/01,05/31
AKDNR,2016,A2012-77,362,5,0,1,2,1,,,,,05/01,05/31
AKDNR,2016,A2012-77,363,5,0,1,2,1,,,,,05/01,05/31
AKDNR,2016,A2012-77,363,6,0,1,2,1,,,,,06/01,06/30
AKDNR,2016,A2012-77,360,6,0,1,2,1,,,,,06/01,06/30
AKDNR,2016,A2012-77,361,6,0,1,2,1,,,,,06/01,06/30
AKDNR,2016,A2012-77,362,6,0,1,2,1,,,,,06/01,06/30
AKDNR,2016,A2012-77,363,7,0,1,2,1,,,,,07/01,07/31
AKDNR,2016,A2012-77,360,7,0,1,2,1,,,,,07/01,07/31
AKDNR,2016,A2012-77,361,7,0,1,2,1,,,,,07/01,07/31
AKDNR,2016,A2012-77,362,7,0,1,2,1,,,,,07/01,07/31
AKDNR,2016,A2012-77,363,8,0,1,2,1,,,,,08/01,08/31
AKDNR,2016,A2012-77,360,8,0,1,2,1,,,,,08/01,08/31
AKDNR,2016,A2012-77,361,8,0,1,2,1,,,,,08/01,08/31
AKDNR,2016,A2012-77,362,8,0,1,2,1,,,,,08/01,08/31
AKDNR,2016,A2012-77,363,9,0,1,2,1,,,,,09/01,09/30
AKDNR,2016,A2012-77,360,9,0,1,2,1,,,,,09/01,09/30
AKDNR,2016,A2012-77,361,9,0,1,2,1,,,,,09/01,09/30
AKDNR,2016,A2012-77,362,9,0,1,2,1,,,,,09/01,09/30
AKDNR,2016,A2012-77,363,10,0,1,2,1,,,,,10/01,10/31
AKDNR,2016,A2012-77,360,10,0,1,2,1,,,,,10/01,10/31
AKDNR,2016,A2012-77,361,10,0,1,2,1,,,,,10/01,10/31
AKDNR,2016,A2012-77,362,10,0,1,2,1,,,,,10/01,10/31
AKDNR,2016,A2012-77,363,11,0,1,2,1,,,,,11/01,30/01
AKDNR,2016,A2012-77,360,11,0,1,2,1,,,,,11/01,30/01
AKDNR,2016,A2012-77,361,11,0,1,2,1,,,,,11/01,30/01
AKDNR,2016,A2012-77,362,11,0,1,2,1,,,,,11/01,30/01
AKDNR,2016,A2012-77,363,12,0,1,2,1,,,,,12/01,12/31
AKDNR,2016,A2012-77,360,12,0,1,2,1,,,,,12/01,12/31
AKDNR,2016,A2012-77,361,12,0,1,2,1,,,,,12/01,12/31
AKDNR,2016,A2012-77,362,12,0,1,2,1,,,,,12/01,12/31
AKDNR,2016,A2012-78,351,4,0,1,2,1,,,,,04/01,04/30
AKDNR,2016,A2012-78,348,4,0,1,2,1,,,,,04/01,04/30
AKDNR,2016,A2012-78,352,4,23800,1,2,1,,,,,04/01,04/30
AKDNR,2016,A2012-78,349,4,0,1,2,1,,,,,04/01,04/30
AKDNR,2016,A2012-78,350,4,0,1,2,1,,,,,04/01,04/30
AKDNR,2016,A2012-78,351,5,0,1,2,1,,,,,05/01,05/31
AKDNR,2016,A2012-78,348,5,0,1,2,1,,,,,05/01,05/31
AKDNR,2016,A2012-78,352,5,0,1,2,1,,,,,05/01,05/31
AKDNR,2016,A2012-78,349,5,0,1,2,1,,,,,05/01,05/31
AKDNR,2016,A2012-78,350,5,0,1,2,1,,,,,05/01,05/31
AKDNR,2016,A2012-78,351,6,0,1,2,1,,,,,06/01,06/30
AKDNR,2016,A2012-78,348,6,0,1,2,1,,,,,06/01,06/30
AKDNR,2016,A2012-78,352,6,0,1,2,1,,,,,06/01,06/30
AKDNR,2016,A2012-78,349,6,0,1,2,1,,,,,06/01,06/30
AKDNR,2016,A2012-78,350,6,0,1,2,1,,,,,06/01,06/30
AKDNR,2016,A2012-78,351,7,0,1,2,1,,,,,07/01,07/31
AKDNR,2016,A2012-78,348,7,0,1,2,1,,,,,07/01,07/31
AKDNR,2016,A2012-78,352,7,0,1,2,1,,,,,07/01,07/31
AKDNR,2016,A2012-78,349,7,0,1,2,1,,,,,07/01,07/31
AKDNR,2016,A2012-78,350,7,0,1,2,1,,,,,07/01,07/31
AKDNR,2016,A2012-78,351,8,0,1,2,1,,,,,08/01,08/31
AKDNR,2016,A2012-78,348,8,0,1,2,1,,,,,08/01,08/31
AKDNR,2016,A2012-78,352,8,0,1,2,1,,,,,08/01,08/31
AKDNR,2016,A2012-78,349,8,0,1,2,1,,,,,08/01,08/31
AKDNR,2016,A2012-78,350,8,0,1,2,1,,,,,08/01,08/31
AKDNR,2016,A2012-78,351,9,0,1,2,1,,,,,09/01,09/30
AKDNR,2016,A2012-78,348,9,0,1,2,1,,,,,09/01,09/30
AKDNR,2016,A2012-78,352,9,0,1,2,1,,,,,09/01,09/30
AKDNR,2016,A2012-78,349,9,0,1,2,1,,,,,09/01,09/30
AKDNR,2016,A2012-78,350,9,0,1,2,1,,,,,09/01,09/30
AKDNR,2016,A2012-78,351,10,0,1,2,1,,,,,10/01,10/31
AKDNR,2016,A2012-78,348,10,0,1,2,1,,,,,10/01,10/31
AKDNR,2016,A2012-78,352,10,0,1,2,1,,,,,10/01,10/31
AKDNR,2016,A2012-78,349,10,0,1,2,1,,,,,10/01,10/31
AKDNR,2016,A2012-78,350,10,0,1,2,1,,,,,10/01,10/31
AKDNR,2016,A2012-78,351,11,0,1,2,1,,,,,11/01,30/01
AKDNR,2016,A2012-78,348,11,0,1,2,1,,,,,11/01,30/01
AKDNR,2016,A2012-78,352,11,0,1,2,1,,,,,11/01,30/01
AKDNR,2016,A2012-78,349,11,0,1,2,1,,,,,11/01,30/01
AKDNR,2016,A2012-78,350,11,0,1,2,1,,,,,11/01,30/01
AKDNR,2016,A2012-78,351,12,0,1,2,1,,,,,12/01,12/31
AKDNR,2016,A2012-78,348,12,0,1,2,1,,,,,12/01,12/31
AKDNR,2016,A2012-78,352,12,0,1,2,1,,,,,12/01,12/31
AKDNR,2016,A2012-78,349,12,0,1,2,1,,,,,12/01,12/31
AKDNR,2016,A2012-78,350,12,0,1,2,1,,,,,12/01,12/31
AKDNR,2017,A2012-78,351,1,0,1,2,1,,,,,01/01,01/31
AKDNR,2017,A2012-78,348,1,0,1,2,1,,,,,01/01,01/31
AKDNR,2017,A2012-78,352,1,0,1,2,1,,,,,01/01,01/31
AKDNR,2017,A2012-78,349,1,0,1,2,1,,,,,01/01,01/31
AKDNR,2017,A2012-78,350,1,0,1,2,1,,,,,01/01,01/31
AKDNR,2017,A2012-78,351,2,0,1,2,1,,,,,02/01,02/28
AKDNR,2017,A2012-78,348,2,0,1,2,1,,,,,02/01,02/28
AKDNR,2017,A2012-78,352,2,0,1,2,1,,,,,02/01,02/28
AKDNR,2017,A2012-78,349,2,0,1,2,1,,,,,02/01,02/28
AKDNR,2017,A2012-78,350,2,0,1,2,1,,,,,02/01,02/28
AKDNR,2017,A2012-78,351,3,0,1,2,1,,,,,03/01,03/31
AKDNR,2017,A2012-78,348,3,0,1,2,1,,,,,03/01,03/31
AKDNR,2017,A2012-78,352,3,0,1,2,1,,,,,03/01,03/31
AKDNR,2017,A2012-78,349,3,0,1,2,1,,,,,03/01,03/31
AKDNR,2017,A2012-78,350,3,0,1,2,1,,,,,03/01,03/31
AKDNR,2017,A2012-78,351,4,0,1,2,1,,,,,04/01,04/30
AKDNR,2017,A2012-78,348,4,0,1,2,1,,,,,04/01,04/30
AKDNR,2017,A2012-78,352,4,0,1,2,1,,,,,04/01,04/30
AKDNR,2017,A2012-78,349,4,0,1,2,1,,,,,04/01,04/30
AKDNR,2017,A2012-78,350,4,0,1,2,1,,,,,04/01,04/30
AKDNR,2017,A2012-78,351,5,0,1,2,1,,,,,05/01,05/31
AKDNR,2017,A2012-78,348,5,0,1,2,1,,,,,05/01,05/31
AKDNR,2017,A2012-78,352,5,0,1,2,1,,,,,05/01,05/31
AKDNR,2017,A2012-78,349,5,0,1,2,1,,,,,05/01,05/31
AKDNR,2017,A2012-78,350,5,0,1,2,1,,,,,05/01,05/31
AKDNR,2017,A2012-78,351,6,0,1,2,1,,,,,06/01,06/30
AKDNR,2017,A2012-78,348,6,0,1,2,1,,,,,06/01,06/30
AKDNR,2017,A2012-78,352,6,0,1,2,1,,,,,06/01,06/30
AKDNR,2017,A2012-78,349,6,0,1,2,1,,,,,06/01,06/30
AKDNR,2017,A2012-78,350,6,0,1,2,1,,,,,06/01,06/30
AKDNR,2017,A2012-78,351,7,0,1,2,1,,,,,07/01,07/31
AKDNR,2017,A2012-78,348,7,0,1,2,1,,,,,07/01,07/31
AKDNR,2017,A2012-78,352,7,0,1,2,1,,,,,07/01,07/31
AKDNR,2017,A2012-78,349,7,0,1,2,1,,,,,07/01,07/31
AKDNR,2017,A2012-78,350,7,0,1,2,1,,,,,07/01,07/31
AKDNR,2017,A2012-78,351,8,0,1,2,1,,,,,08/01,08/31
AKDNR,2017,A2012-78,348,8,0,1,2,1,,,,,08/01,08/31
AKDNR,2017,A2012-78,352,8,0,1,2,1,,,,,08/01,08/31
AKDNR,2017,A2012-78,349,8,0,1,2,1,,,,,08/01,08/31
AKDNR,2017,A2012-78,350,8,0,1,2,1,,,,,08/01,08/31
AKDNR,2017,A2012-78,351,9,0,1,2,1,,,,,09/01,09/30
AKDNR,2017,A2012-78,348,9,0,1,2,1,,,,,09/01,09/30
AKDNR,2017,A2012-78,352,9,0,1,2,1,,,,,09/01,09/30
AKDNR,2017,A2012-78,349,9,0,1,2,1,,,,,09/01,09/30
AKDNR,2017,A2012-78,350,9,0,1,2,1,,,,,09/01,09/30
AKDNR,2016,A2012-79,366,4,0,1,2,1,,,,,04/01,04/30
AKDNR,2016,A2012-79,366,5,0,1,2,1,,,,,05/01,05/31
AKDNR,2016,A2012-79,366,6,0,1,2,1,,,,,06/01,06/30
AKDNR,2016,A2012-79,366,7,0,1,2,1,,,,,07/01,07/31
AKDNR,2016,A2012-79,366,8,0,1,2,1,,,,,08/01,08/31
AKDNR,2016,A2012-79,366,9,0,1,2,1,,,,,09/01,09/30
AKDNR,2016,A2012-79,366,10,0,1,2,1,,,,,10/01,10/31
AKDNR,2016,A2012-79,366,11,0,1,2,1,,,,,11/01,30/01
AKDNR,2016,A2012-79,366,12,0,1,2,1,,,,,12/01,12/31
AKDNR,2017,A2012-79,366,1,0,1,2,1,,,,,01/01,01/31
AKDNR,2017,A2012-79,366,2,0,1,2,1,,,,,02/01,02/28
AKDNR,2017,A2012-79,366,3,0,1,2,1,,,,,03/01,03/31
AKDNR,2017,A2012-79,366,4,0,1,2,1,,,,,04/01,04/30
AKDNR,2017,A2012-79,366,5,0,1,2,1,,,,,05/01,05/31
AKDNR,2017,A2012-79,366,6,0,1,2,1,,,,,06/01,06/30
AKDNR,2017,A2012-79,366,7,0,1,2,1,,,,,07/01,07/31
AKDNR,2017,A2012-79,366,8,0,1,2,1,,,,,08/01,08/31
AKDNR,2017,A2012-79,366,9,0,1,2,1,,,,,09/01,09/30
AKDNR,2016,A2012-82,370,4,0,1,2,1,,,,,04/01,04/30
AKDNR,2016,A2012-82,368,4,0,1,2,1,,,,,04/01,04/30
AKDNR,2016,A2012-82,369,4,0,1,2,1,,,,,04/01,04/30
AKDNR,2016,A2012-82,371,4,0,1,2,1,,,,,04/01,04/30
AKDNR,2016,A2012-82,372,4,0,1,2,1,,,,,04/01,04/30
AKDNR,2016,A2012-82,370,5,0,1,2,1,,,,,05/01,05/31
AKDNR,2016,A2012-82,368,5,0,1,2,1,,,,,05/01,05/31
AKDNR,2016,A2012-82,369,5,0,1,2,1,,,,,05/01,05/31
AKDNR,2016,A2012-82,371,5,0,1,2,1,,,,,05/01,05/31
AKDNR,2016,A2012-82,372,5,0,1,2,1,,,,,05/01,05/31
AKDNR,2016,A2012-82,370,6,0,1,2,1,,,,,06/01,06/30
AKDNR,2016,A2012-82,368,6,0,1,2,1,,,,,06/01,06/30
AKDNR,2016,A2012-82,369,6,0,1,2,1,,,,,06/01,06/30
AKDNR,2016,A2012-82,371,6,0,1,2,1,,,,,06/01,06/30
AKDNR,2016,A2012-82,372,6,0,1,2,1,,,,,06/01,06/30
AKDNR,2016,A2012-82,370,7,0,1,2,1,,,,,07/01,07/31
AKDNR,2016,A2012-82,368,7,0,1,2,1,,,,,07/01,07/31
AKDNR,2016,A2012-82,369,7,0,1,2,1,,,,,07/01,07/31
AKDNR,2016,A2012-82,371,7,0,1,2,1,,,,,07/01,07/31
AKDNR,2016,A2012-82,372,7,0,1,2,1,,,,,07/01,07/31
AKDNR,2016,A2012-82,370,8,0,1,2,1,,,,,08/01,08/31
AKDNR,2016,A2012-82,368,8,0,1,2,1,,,,,08/01,08/31
AKDNR,2016,A2012-82,369,8,0,1,2,1,,,,,08/01,08/31
AKDNR,2016,A2012-82,371,8,0,1,2,1,,,,,08/01,08/31
AKDNR,2016,A2012-82,372,8,0,1,2,1,,,,,08/01,08/31
AKDNR,2016,A2012-82,370,9,0,1,2,1,,,,,09/01,09/30
AKDNR,2016,A2012-82,368,9,0,1,2,1,,,,,09/01,09/30
AKDNR,2016,A2012-82,369,9,0,1,2,1,,,,,09/01,09/30
AKDNR,2016,A2012-82,371,9,0,1,2,1,,,,,09/01,09/30
AKDNR,2016,A2012-82,372,9,0,1,2,1,,,,,09/01,09/30
AKDNR,2016,A2012-82,370,10,0,1,2,1,,,,,10/01,10/31
AKDNR,2016,A2012-82,368,10,0,1,2,1,,,,,10/01,10/31
AKDNR,2016,A2012-82,369,10,0,1,2,1,,,,,10/01,10/31
AKDNR,2016,A2012-82,371,10,0,1,2,1,,,,,10/01,10/31
AKDNR,2016,A2012-82,372,10,0,1,2,1,,,,,10/01,10/31
AKDNR,2016,A2012-82,370,11,0,1,2,1,,,,,11/01,30/01
AKDNR,2016,A2012-82,368,11,0,1,2,1,,,,,11/01,30/01
AKDNR,2016,A2012-82,369,11,0,1,2,1,,,,,11/01,30/01
AKDNR,2016,A2012-82,371,11,0,1,2,1,,,,,11/01,30/01
AKDNR,2016,A2012-82,372,11,0,1,2,1,,,,,11/01,30/01
AKDNR,2016,A2012-82,370,12,0,1,2,1,,,,,12/01,12/31
AKDNR,2016,A2012-82,368,12,0,1,2,1,,,,,12/01,12/31
AKDNR,2016,A2012-82,369,12,0,1,2,1,,,,,12/01,12/31
AKDNR,2016,A2012-82,371,12,0,1,2,1,,,,,12/01,12/31
AKDNR,2016,A2012-82,372,12,0,1,2,1,,,,,12/01,12/31
AKDNR,2017,A2012-82,370,1,0,1,2,1,,,,,01/01,01/31
AKDNR,2017,A2012-82,368,1,0,1,2,1,,,,,01/01,01/31
AKDNR,2017,A2012-82,369,1,0,1,2,1,,,,,01/01,01/31
AKDNR,2017,A2012-82,371,1,0,1,2,1,,,,,01/01,01/31
AKDNR,2017,A2012-82,372,1,0,1,2,1,,,,,01/01,01/31
AKDNR,2017,A2012-82,370,2,0,1,2,1,,,,,02/01,02/28
AKDNR,2017,A2012-82,368,2,0,1,2,1,,,,,02/01,02/28
AKDNR,2017,A2012-82,369,2,0,1,2,1,,,,,02/01,02/28
AKDNR,2017,A2012-82,371,2,0,1,2,1,,,,,02/01,02/28
AKDNR,2017,A2012-82,372,2,0,1,2,1,,,,,02/01,02/28
AKDNR,2017,A2012-82,370,3,0,1,2,1,,,,,03/01,03/31
AKDNR,2017,A2012-82,368,3,0,1,2,1,,,,,03/01,03/31
AKDNR,2017,A2012-82,369,3,0,1,2,1,,,,,03/01,03/31
AKDNR,2017,A2012-82,371,3,0,1,2,1,,,,,03/01,03/31
AKDNR,2017,A2012-82,372,3,0,1,2,1,,,,,03/01,03/31
AKDNR,2017,A2012-82,370,4,0,1,2,1,,,,,04/01,04/30
AKDNR,2017,A2012-82,368,4,0,1,2,1,,,,,04/01,04/30
AKDNR,2017,A2012-82,369,4,0,1,2,1,,,,,04/01,04/30
AKDNR,2017,A2012-82,371,4,0,1,2,1,,,,,04/01,04/30
AKDNR,2017,A2012-82,372,4,0,1,2,1,,,,,04/01,04/30
AKDNR,2017,A2012-82,370,5,0,1,2,1,,,,,05/01,05/31
AKDNR,2017,A2012-82,368,5,0,1,2,1,,,,,05/01,05/31
AKDNR,2017,A2012-82,369,5,0,1,2,1,,,,,05/01,05/31
AKDNR,2017,A2012-82,371,5,0,1,2,1,,,,,05/01,05/31
AKDNR,2017,A2012-82,372,5,0,1,2,1,,,,,05/01,05/31
AKDNR,2017,A2012-82,370,6,0,1,2,1,,,,,06/01,06/30
AKDNR,2017,A2012-82,368,6,0,1,2,1,,,,,06/01,06/30
AKDNR,2017,A2012-82,369,6,0,1,2,1,,,,,06/01,06/30
AKDNR,2017,A2012-82,371,6,0,1,2,1,,,,,06/01,06/30
AKDNR,2017,A2012-82,372,6,0,1,2,1,,,,,06/01,06/30
AKDNR,2017,A2012-82,370,7,0,1,2,1,,,,,07/01,07/31
AKDNR,2017,A2012-82,368,7,0,1,2,1,,,,,07/01,07/31
AKDNR,2017,A2012-82,369,7,0,1,2,1,,,,,07/01,07/31
AKDNR,2017,A2012-82,371,7,0,1,2,1,,,,,07/01,07/31
AKDNR,2017,A2012-82,372,7,0,1,2,1,,,,,07/01,07/31
AKDNR,2017,A2012-82,370,8,0,1,2,1,,,,,08/01,08/31
AKDNR,2017,A2012-82,368,8,0,1,2,1,,,,,08/01,08/31
AKDNR,2017,A2012-82,369,8,0,1,2,1,,,,,08/01,08/31
AKDNR,2017,A2012-82,371,8,0,1,2,1,,,,,08/01,08/31
AKDNR,2017,A2012-82,372,8,0,1,2,1,,,,,08/01,08/31
AKDNR,2017,A2012-82,370,9,0,1,2,1,,,,,09/01,09/30
AKDNR,2017,A2012-82,368,9,0,1,2,1,,,,,09/01,09/30
AKDNR,2017,A2012-82,369,9,0,1,2,1,,,,,09/01,09/30
AKDNR,2017,A2012-82,371,9,0,1,2,1,,,,,09/01,09/30
AKDNR,2017,A2012-82,372,9,0,1,2,1,,,,,09/01,09/30
AKDNR,2016,A2012-83,377,4,0,1,2,1,,,,,04/01,04/30
AKDNR,2016,A2012-83,375,4,0,1,2,1,,,,,04/01,04/30
AKDNR,2016,A2012-83,378,4,0,1,2,1,,,,,04/01,04/30
AKDNR,2016,A2012-83,374,4,0,1,2,1,,,,,04/01,04/30
AKDNR,2016,A2012-83,376,4,0,1,2,1,,,,,04/01,04/30
AKDNR,2016,A2012-83,377,5,0,1,2,1,,,,,05/01,05/31
AKDNR,2016,A2012-83,375,5,0,1,2,1,,,,,05/01,05/31
AKDNR,2016,A2012-83,378,5,0,1,2,1,,,,,05/01,05/31
AKDNR,2016,A2012-83,374,5,0,1,2,1,,,,,05/01,05/31
AKDNR,2016,A2012-83,376,5,0,1,2,1,,,,,05/01,05/31
AKDNR,2016,A2012-83,377,6,0,1,2,1,,,,,06/01,06/30
AKDNR,2016,A2012-83,375,6,0,1,2,1,,,,,06/01,06/30
AKDNR,2016,A2012-83,378,6,0,1,2,1,,,,,06/01,06/30
AKDNR,2016,A2012-83,374,6,0,1,2,1,,,,,06/01,06/30
AKDNR,2016,A2012-83,376,6,0,1,2,1,,,,,06/01,06/30
AKDNR,2016,A2012-83,377,7,0,1,2,1,,,,,07/01,07/31
AKDNR,2016,A2012-83,375,7,0,1,2,1,,,,,07/01,07/31
AKDNR,2016,A2012-83,378,7,0,1,2,1,,,,,07/01,07/31
AKDNR,2016,A2012-83,374,7,0,1,2,1,,,,,07/01,07/31
AKDNR,2016,A2012-83,376,7,0,1,2,1,,,,,07/01,07/31
AKDNR,2016,A2012-83,377,8,0,1,2,1,,,,,08/01,08/31
AKDNR,2016,A2012-83,375,8,0,1,2,1,,,,,08/01,08/31
AKDNR,2016,A2012-83,378,8,0,1,2,1,,,,,08/01,08/31
AKDNR,2016,A2012-83,374,8,0,1,2,1,,,,,08/01,08/31
AKDNR,2016,A2012-83,376,8,0,1,2,1,,,,,08/01,08/31
AKDNR,2016,A2012-83,377,9,0,1,2,1,,,,,09/01,09/30
AKDNR,2016,A2012-83,375,9,0,1,2,1,,,,,09/01,09/30
AKDNR,2016,A2012-83,378,9,0,1,2,1,,,,,09/01,09/30
AKDNR,2016,A2012-83,374,9,0,1,2,1,,,,,09/01,09/30
AKDNR,2016,A2012-83,376,9,0,1,2,1,,,,,09/01,09/30
AKDNR,2016,A2012-83,377,10,0,1,2,1,,,,,10/01,10/31
AKDNR,2016,A2012-83,375,10,0,1,2,1,,,,,10/01,10/31
AKDNR,2016,A2012-83,378,10,0,1,2,1,,,,,10/01,10/31
AKDNR,2016,A2012-83,374,10,0,1,2,1,,,,,10/01,10/31
AKDNR,2016,A2012-83,376,10,0,1,2,1,,,,,10/01,10/31
AKDNR,2016,A2012-83,377,11,0,1,2,1,,,,,11/01,30/01
AKDNR,2016,A2012-83,375,11,0,1,2,1,,,,,11/01,30/01
AKDNR,2016,A2012-83,378,11,0,1,2,1,,,,,11/01,30/01
AKDNR,2016,A2012-83,374,11,0,1,2,1,,,,,11/01,30/01
AKDNR,2016,A2012-83,376,11,0,1,2,1,,,,,11/01,30/01
AKDNR,2016,A2012-83,377,12,0,1,2,1,,,,,12/01,12/31
AKDNR,2016,A2012-83,375,12,0,1,2,1,,,,,12/01,12/31
AKDNR,2016,A2012-83,378,12,0,1,2,1,,,,,12/01,12/31
AKDNR,2016,A2012-83,374,12,0,1,2,1,,,,,12/01,12/31
AKDNR,2016,A2012-83,376,12,0,1,2,1,,,,,12/01,12/31
AKDNR,2017,A2012-83,377,1,0,1,2,1,,,,,01/01,01/31
AKDNR,2017,A2012-83,375,1,0,1,2,1,,,,,01/01,01/31
AKDNR,2017,A2012-83,378,1,0,1,2,1,,,,,01/01,01/31
AKDNR,2017,A2012-83,374,1,0,1,2,1,,,,,01/01,01/31
AKDNR,2017,A2012-83,376,1,0,1,2,1,,,,,01/01,01/31
AKDNR,2017,A2012-83,377,2,0,1,2,1,,,,,02/01,02/28
AKDNR,2017,A2012-83,375,2,0,1,2,1,,,,,02/01,02/28
AKDNR,2017,A2012-83,378,2,0,1,2,1,,,,,02/01,02/28
AKDNR,2017,A2012-83,374,2,0,1,2,1,,,,,02/01,02/28
AKDNR,2017,A2012-83,376,2,0,1,2,1,,,,,02/01,02/28
AKDNR,2017,A2012-83,377,3,0,1,2,1,,,,,03/01,03/31
AKDNR,2017,A2012-83,375,3,0,1,2,1,,,,,03/01,03/31
AKDNR,2017,A2012-83,378,3,0,1,2,1,,,,,03/01,03/31
AKDNR,2017,A2012-83,374,3,0,1,2,1,,,,,03/01,03/31
AKDNR,2017,A2012-83,376,3,0,1,2,1,,,,,03/01,03/31
AKDNR,2017,A2012-83,377,4,0,1,2,1,,,,,04/01,04/30
AKDNR,2017,A2012-83,375,4,0,1,2,1,,,,,04/01,04/30
AKDNR,2017,A2012-83,378,4,0,1,2,1,,,,,04/01,04/30
AKDNR,2017,A2012-83,374,4,0,1,2,1,,,,,04/01,04/30
AKDNR,2017,A2012-83,376,4,0,1,2,1,,,,,04/01,04/30
AKDNR,2017,A2012-83,377,5,0,1,2,1,,,,,05/01,05/31
AKDNR,2017,A2012-83,375,5,0,1,2,1,,,,,05/01,05/31
AKDNR,2017,A2012-83,378,5,0,1,2,1,,,,,05/01,05/31
AKDNR,2017,A2012-83,374,5,0,1,2,1,,,,,05/01,05/31
AKDNR,2017,A2012-83,376,5,0,1,2,1,,,,,05/01,05/31
AKDNR,2017,A2012-83,377,6,0,1,2,1,,,,,06/01,06/30
AKDNR,2017,A2012-83,375,6,0,1,2,1,,,,,06/01,06/30
AKDNR,2017,A2012-83,378,6,0,1,2,1,,,,,06/01,06/30
AKDNR,2017,A2012-83,374,6,0,1,2,1,,,,,06/01,06/30
AKDNR,2017,A2012-83,376,6,0,1,2,1,,,,,06/01,06/30
AKDNR,2017,A2012-83,377,7,0,1,2,1,,,,,07/01,07/31
AKDNR,2017,A2012-83,375,7,0,1,2,1,,,,,07/01,07/31
AKDNR,2017,A2012-83,378,7,0,1,2,1,,,,,07/01,07/31
AKDNR,2017,A2012-83,374,7,0,1,2,1,,,,,07/01,07/31
AKDNR,2017,A2012-83,376,7,0,1,2,1,,,,,07/01,07/31
AKDNR,2017,A2012-83,377,8,0,1,2,1,,,,,08/01,08/31
AKDNR,2017,A2012-83,375,8,0,1,2,1,,,,,08/01,08/31
AKDNR,2017,A2012-83,378,8,0,1,2,1,,,,,08/01,08/31
AKDNR,2017,A2012-83,374,8,0,1,2,1,,,,,08/01,08/31
AKDNR,2017,A2012-83,376,8,0,1,2,1,,,,,08/01,08/31
AKDNR,2017,A2012-83,377,9,0,1,2,1,,,,,09/01,09/30
AKDNR,2017,A2012-83,375,9,0,1,2,1,,,,,09/01,09/30
AKDNR,2017,A2012-83,378,9,0,1,2,1,,,,,09/01,09/30
AKDNR,2017,A2012-83,374,9,0,1,2,1,,,,,09/01,09/30
AKDNR,2017,A2012-83,376,9,0,1,2,1,,,,,09/01,09/30
AKDNR,2016,A2012-94,380,4,0,1,2,1,,,,,04/01,04/30
AKDNR,2016,A2012-94,380,5,0,1,2,1,,,,,05/01,05/31
AKDNR,2016,A2012-94,380,6,0,1,2,1,,,,,06/01,06/30
AKDNR,2016,A2012-94,380,7,0,1,2,1,,,,,07/01,07/31
AKDNR,2016,A2012-94,380,8,0,1,2,1,,,,,08/01,08/31
AKDNR,2016,A2012-94,380,9,0,1,2,1,,,,,09/01,09/30
AKDNR,2016,A2012-94,380,10,0,1,2,1,,,,,10/01,10/31
AKDNR,2016,A2012-94,380,11,0,1,2,1,,,,,11/01,30/01
AKDNR,2016,A2012-94,380,12,0,1,2,1,,,,,12/01,12/31
AKDNR,2017,A2012-94,380,1,0,1,2,1,,,,,01/01,01/31
AKDNR,2017,A2012-94,380,2,0,1,2,1,,,,,02/01,02/28
AKDNR,2017,A2012-94,380,3,0,1,2,1,,,,,03/01,03/31
AKDNR,2017,A2012-94,380,4,0,1,2,1,,,,,04/01,04/30
AKDNR,2017,A2012-94,380,5,0,1,2,1,,,,,05/01,05/31
AKDNR,2017,A2012-94,380,6,0,1,2,1,,,,,06/01,06/30
AKDNR,2017,A2012-94,380,7,0,1,2,1,,,,,07/01,07/31
AKDNR,2017,A2012-94,380,8,0,1,2,1,,,,,08/01,08/31
AKDNR,2017,A2012-94,380,9,0,1,2,1,,,,,09/01,09/30
AKDNR,2016,A2013-205,412,4,0,1,2,1,,,,,04/01,04/30
AKDNR,2016,A2013-205,410,4,0,1,2,1,,,,,04/01,04/30
AKDNR,2016,A2013-205,409,4,0,1,2,1,,,,,04/01,04/30
AKDNR,2016,A2013-205,411,4,0,1,2,1,,,,,04/01,04/30
AKDNR,2016,A2013-205,413,4,0,1,2,1,,,,,04/01,04/30
AKDNR,2016,A2013-205,412,5,0,1,2,1,,,,,05/01,05/31
AKDNR,2016,A2013-205,410,5,0,1,2,1,,,,,05/01,05/31
AKDNR,2016,A2013-205,409,5,0,1,2,1,,,,,05/01,05/31
AKDNR,2016,A2013-205,411,5,0,1,2,1,,,,,05/01,05/31
AKDNR,2016,A2013-205,413,5,0,1,2,1,,,,,05/01,05/31
AKDNR,2016,A2013-205,412,6,0,1,2,1,,,,,06/01,06/30
AKDNR,2016,A2013-205,410,6,0,1,2,1,,,,,06/01,06/30
AKDNR,2016,A2013-205,409,6,0,1,2,1,,,,,06/01,06/30
AKDNR,2016,A2013-205,411,6,0,1,2,1,,,,,06/01,06/30
AKDNR,2016,A2013-205,413,6,0,1,2,1,,,,,06/01,06/30
AKDNR,2016,A2013-205,412,7,0,1,2,1,,,,,07/01,07/31
AKDNR,2016,A2013-205,410,7,0,1,2,1,,,,,07/01,07/31
AKDNR,2016,A2013-205,409,7,0,1,2,1,,,,,07/01,07/31
AKDNR,2016,A2013-205,411,7,0,1,2,1,,,,,07/01,07/31
AKDNR,2016,A2013-205,413,7,0,1,2,1,,,,,07/01,07/31
AKDNR,2016,A2013-205,412,8,0,1,2,1,,,,,08/01,08/31
AKDNR,2016,A2013-205,410,8,0,1,2,1,,,,,08/01,08/31
AKDNR,2016,A2013-205,409,8,0,1,2,1,,,,,08/01,08/31
AKDNR,2016,A2013-205,411,8,0,1,2,1,,,,,08/01,08/31
AKDNR,2016,A2013-205,413,8,0,1,2,1,,,,,08/01,08/31
AKDNR,2016,A2013-205,412,9,0,1,2,1,,,,,09/01,09/30
AKDNR,2016,A2013-205,410,9,0,1,2,1,,,,,09/01,09/30
AKDNR,2016,A2013-205,409,9,0,1,2,1,,,,,09/01,09/30
AKDNR,2016,A2013-205,411,9,0,1,2,1,,,,,09/01,09/30
AKDNR,2016,A2013-205,413,9,0,1,2,1,,,,,09/01,09/30
AKDNR,2016,A2013-205,412,10,0,1,2,1,,,,,10/01,10/31
AKDNR,2016,A2013-205,410,10,0,1,2,1,,,,,10/01,10/31
AKDNR,2016,A2013-205,409,10,0,1,2,1,,,,,10/01,10/31
AKDNR,2016,A2013-205,411,10,0,1,2,1,,,,,10/01,10/31
AKDNR,2016,A2013-205,413,10,0,1,2,1,,,,,10/01,10/31
AKDNR,2016,A2013-205,412,11,0,1,2,1,,,,,11/01,30/01
AKDNR,2016,A2013-205,410,11,0,1,2,1,,,,,11/01,30/01
AKDNR,2016,A2013-205,409,11,0,1,2,1,,,,,11/01,30/01
AKDNR,2016,A2013-205,411,11,0,1,2,1,,,,,11/01,30/01
AKDNR,2016,A2013-205,413,11,0,1,2,1,,,,,11/01,30/01
AKDNR,2016,A2013-205,412,12,0,1,2,1,,,,,12/01,12/31
AKDNR,2016,A2013-205,410,12,0,1,2,1,,,,,12/01,12/31
AKDNR,2016,A2013-205,409,12,0,1,2,1,,,,,12/01,12/31
AKDNR,2016,A2013-205,411,12,0,1,2,1,,,,,12/01,12/31
AKDNR,2016,A2013-205,413,12,0,1,2,1,,,,,12/01,12/31
AKDNR,2017,A2013-205,412,1,0,1,2,1,,,,,01/01,01/31
AKDNR,2017,A2013-205,410,1,0,1,2,1,,,,,01/01,01/31
AKDNR,2017,A2013-205,409,1,0,1,2,1,,,,,01/01,01/31
AKDNR,2017,A2013-205,411,1,0,1,2,1,,,,,01/01,01/31
AKDNR,2017,A2013-205,413,1,0,1,2,1,,,,,01/01,01/31
AKDNR,2017,A2013-205,412,2,0,1,2,1,,,,,02/01,02/28
AKDNR,2017,A2013-205,410,2,0,1,2,1,,,,,02/01,02/28
AKDNR,2017,A2013-205,409,2,0,1,2,1,,,,,02/01,02/28
AKDNR,2017,A2013-205,411,2,0,1,2,1,,,,,02/01,02/28
AKDNR,2017,A2013-205,413,2,0,1,2,1,,,,,02/01,02/28
AKDNR,2017,A2013-205,412,3,0,1,2,1,,,,,03/01,03/31
AKDNR,2017,A2013-205,410,3,0,1,2,1,,,,,03/01,03/31
AKDNR,2017,A2013-205,409,3,0,1,2,1,,,,,03/01,03/31
AKDNR,2017,A2013-205,411,3,0,1,2,1,,,,,03/01,03/31
AKDNR,2017,A2013-205,413,3,0,1,2,1,,,,,03/01,03/31
AKDNR,2017,A2013-205,412,4,0,1,2,1,,,,,04/01,04/30
AKDNR,2017,A2013-205,410,4,0,1,2,1,,,,,04/01,04/30
AKDNR,2017,A2013-205,409,4,0,1,2,1,,,,,04/01,04/30
AKDNR,2017,A2013-205,411,4,0,1,2,1,,,,,04/01,04/30
AKDNR,2017,A2013-205,413,4,0,1,2,1,,,,,04/01,04/30
AKDNR,2017,A2013-205,412,5,0,1,2,1,,,,,05/01,05/31
AKDNR,2017,A2013-205,410,5,0,1,2,1,,,,,05/01,05/31
AKDNR,2017,A2013-205,409,5,0,1,2,1,,,,,05/01,05/31
AKDNR,2017,A2013-205,411,5,0,1,2,1,,,,,05/01,05/31
AKDNR,2017,A2013-205,413,5,0,1,2,1,,,,,05/01,05/31
AKDNR,2017,A2013-205,412,6,0,1,2,1,,,,,06/01,06/30
AKDNR,2017,A2013-205,410,6,0,1,2,1,,,,,06/01,06/30
AKDNR,2017,A2013-205,409,6,0,1,2,1,,,,,06/01,06/30
AKDNR,2017,A2013-205,411,6,0,1,2,1,,,,,06/01,06/30
AKDNR,2017,A2013-205,413,6,0,1,2,1,,,,,06/01,06/30
AKDNR,2017,A2013-205,412,7,0,1,2,1,,,,,07/01,07/31
AKDNR,2017,A2013-205,410,7,0,1,2,1,,,,,07/01,07/31
AKDNR,2017,A2013-205,409,7,0,1,2,1,,,,,07/01,07/31
AKDNR,2017,A2013-205,411,7,0,1,2,1,,,,,07/01,07/31
AKDNR,2017,A2013-205,413,7,0,1,2,1,,,,,07/01,07/31
AKDNR,2017,A2013-205,412,8,0,1,2,1,,,,,08/01,08/31
AKDNR,2017,A2013-205,410,8,0,1,2,1,,,,,08/01,08/31
AKDNR,2017,A2013-205,409,8,0,1,2,1,,,,,08/01,08/31
AKDNR,2017,A2013-205,411,8,0,1,2,1,,,,,08/01,08/31
AKDNR,2017,A2013-205,413,8,0,1,2,1,,,,,08/01,08/31
AKDNR,2017,A2013-205,412,9,0,1,2,1,,,,,09/01,09/30
AKDNR,2017,A2013-205,410,9,0,1,2,1,,,,,09/01,09/30
AKDNR,2017,A2013-205,409,9,0,1,2,1,,,,,09/01,09/30
AKDNR,2017,A2013-205,411,9,0,1,2,1,,,,,09/01,09/30
AKDNR,2017,A2013-205,413,9,0,1,2,1,,,,,09/01,09/30
AKDNR,2017,A2013-205,412,10,0,1,2,1,,,,,10/01,10/31
AKDNR,2017,A2013-205,410,10,0,1,2,1,,,,,10/01,10/31
AKDNR,2017,A2013-205,409,10,0,1,2,1,,,,,10/01,10/31
AKDNR,2017,A2013-205,411,10,0,1,2,1,,,,,10/01,10/31
AKDNR,2017,A2013-205,413,10,0,1,2,1,,,,,10/01,10/31
AKDNR,2017,A2013-205,412,11,0,1,2,1,,,,,11/01,30/01
AKDNR,2017,A2013-205,410,11,0,1,2,1,,,,,11/01,30/01
AKDNR,2017,A2013-205,409,11,0,1,2,1,,,,,11/01,30/01
AKDNR,2017,A2013-205,411,11,0,1,2,1,,,,,11/01,30/01
AKDNR,2017,A2013-205,413,11,0,1,2,1,,,,,11/01,30/01
AKDNR,2017,A2013-205,412,12,0,1,2,1,,,,,12/01,12/31
AKDNR,2017,A2013-205,413,12,0,1,2,1,,,,,12/01,12/31
AKDNR,2017,A2013-205,411,12,0,1,2,1,,,,,12/01,12/31
AKDNR,2017,A2013-205,409,12,0,1,2,1,,,,,12/01,12/31
AKDNR,2017,A2013-205,410,12,0,1,2,1,,,,,12/01,12/31
AKDNR,2016,A2013-206,382,4,0,1,2,1,,,,,04/01,04/30
AKDNR,2016,A2013-206,383,4,0,1,2,1,,,,,04/01,04/30
AKDNR,2016,A2013-206,384,4,0,1,2,1,,,,,04/01,04/30
AKDNR,2016,A2013-206,386,4,0,1,2,1,,,,,04/01,04/30
AKDNR,2016,A2013-206,385,4,0,1,2,1,,,,,04/01,04/30
AKDNR,2016,A2013-206,382,5,0,1,2,1,,,,,05/01,05/31
AKDNR,2016,A2013-206,383,5,0,1,2,1,,,,,05/01,05/31
AKDNR,2016,A2013-206,384,5,0,1,2,1,,,,,05/01,05/31
AKDNR,2016,A2013-206,386,5,0,1,2,1,,,,,05/01,05/31
AKDNR,2016,A2013-206,385,5,0,1,2,1,,,,,05/01,05/31
AKDNR,2016,A2013-206,382,6,0,1,2,1,,,,,06/01,06/30
AKDNR,2016,A2013-206,383,6,0,1,2,1,,,,,06/01,06/30
AKDNR,2016,A2013-206,384,6,0,1,2,1,,,,,06/01,06/30
AKDNR,2016,A2013-206,386,6,0,1,2,1,,,,,06/01,06/30
AKDNR,2016,A2013-206,385,6,0,1,2,1,,,,,06/01,06/30
AKDNR,2016,A2013-206,382,7,0,1,2,1,,,,,07/01,07/31
AKDNR,2016,A2013-206,383,7,0,1,2,1,,,,,07/01,07/31
AKDNR,2016,A2013-206,384,7,0,1,2,1,,,,,07/01,07/31
AKDNR,2016,A2013-206,386,7,0,1,2,1,,,,,07/01,07/31
AKDNR,2016,A2013-206,385,7,0,1,2,1,,,,,07/01,07/31
AKDNR,2016,A2013-206,382,8,0,1,2,1,,,,,08/01,08/31
AKDNR,2016,A2013-206,383,8,0,1,2,1,,,,,08/01,08/31
AKDNR,2016,A2013-206,384,8,0,1,2,1,,,,,08/01,08/31
AKDNR,2016,A2013-206,386,8,0,1,2,1,,,,,08/01,08/31
AKDNR,2016,A2013-206,385,8,0,1,2,1,,,,,08/01,08/31
AKDNR,2016,A2013-206,382,9,0,1,2,1,,,,,09/01,09/30
AKDNR,2016,A2013-206,383,9,0,1,2,1,,,,,09/01,09/30
AKDNR,2016,A2013-206,384,9,0,1,2,1,,,,,09/01,09/30
AKDNR,2016,A2013-206,386,9,0,1,2,1,,,,,09/01,09/30
AKDNR,2016,A2013-206,385,9,0,1,2,1,,,,,09/01,09/30
AKDNR,2016,A2013-206,382,10,0,1,2,1,,,,,10/01,10/31
AKDNR,2016,A2013-206,383,10,0,1,2,1,,,,,10/01,10/31
AKDNR,2016,A2013-206,384,10,0,1,2,1,,,,,10/01,10/31
AKDNR,2016,A2013-206,386,10,0,1,2,1,,,,,10/01,10/31
AKDNR,2016,A2013-206,385,10,0,1,2,1,,,,,10/01,10/31
AKDNR,2016,A2013-206,382,11,0,1,2,1,,,,,11/01,30/01
AKDNR,2016,A2013-206,383,11,0,1,2,1,,,,,11/01,30/01
AKDNR,2016,A2013-206,384,11,0,1,2,1,,,,,11/01,30/01
AKDNR,2016,A2013-206,386,11,0,1,2,1,,,,,11/01,30/01
AKDNR,2016,A2013-206,385,11,0,1,2,1,,,,,11/01,30/01
AKDNR,2016,A2013-206,382,12,0,1,2,1,,,,,12/01,12/31
AKDNR,2016,A2013-206,383,12,0,1,2,1,,,,,12/01,12/31
AKDNR,2016,A2013-206,384,12,0,1,2,1,,,,,12/01,12/31
AKDNR,2016,A2013-206,386,12,0,1,2,1,,,,,12/01,12/31
AKDNR,2016,A2013-206,385,12,0,1,2,1,,,,,12/01,12/31
AKDNR,2017,A2013-206,382,1,0,1,2,1,,,,,01/01,01/31
AKDNR,2017,A2013-206,383,1,0,1,2,1,,,,,01/01,01/31
AKDNR,2017,A2013-206,382,2,0,1,2,1,,,,,02/01,02/28
AKDNR,2017,A2013-206,383,2,0,1,2,1,,,,,02/01,02/28
AKDNR,2017,A2013-206,382,3,0,1,2,1,,,,,03/01,03/31
AKDNR,2017,A2013-206,383,3,0,1,2,1,,,,,03/01,03/31
AKDNR,2017,A2013-206,382,4,0,1,2,1,,,,,04/01,04/30
AKDNR,2017,A2013-206,383,4,0,1,2,1,,,,,04/01,04/30
AKDNR,2017,A2013-206,384,4,0,1,2,1,,,,,04/01,04/30
AKDNR,2017,A2013-206,386,4,0,1,2,1,,,,,04/01,04/30
AKDNR,2017,A2013-206,385,4,0,1,2,1,,,,,04/01,04/30
AKDNR,2017,A2013-206,382,5,0,1,2,1,,,,,05/01,05/31
AKDNR,2017,A2013-206,383,5,0,1,2,1,,,,,05/01,05/31
AKDNR,2017,A2013-206,384,5,0,1,2,1,,,,,05/01,05/31
AKDNR,2017,A2013-206,386,5,0,1,2,1,,,,,05/01,05/31
AKDNR,2017,A2013-206,385,5,0,1,2,1,,,,,05/01,05/31
AKDNR,2017,A2013-206,382,6,0,1,2,1,,,,,06/01,06/30
AKDNR,2017,A2013-206,383,6,0,1,2,1,,,,,06/01,06/30
AKDNR,2017,A2013-206,384,6,0,1,2,1,,,,,06/01,06/30
AKDNR,2017,A2013-206,386,6,0,1,2,1,,,,,06/01,06/30
AKDNR,2017,A2013-206,385,6,0,1,2,1,,,,,06/01,06/30
AKDNR,2016,A2013-207,388,4,0,1,2,1,,,,,04/01,04/30
AKDNR,2016,A2013-207,389,4,0,1,2,1,,,,,04/01,04/30
AKDNR,2016,A2013-207,390,4,0,1,2,1,,,,,04/01,04/30
AKDNR,2016,A2013-207,388,5,0,1,2,1,,,,,05/01,05/31
AKDNR,2016,A2013-207,389,5,0,1,2,1,,,,,05/01,05/31
AKDNR,2016,A2013-207,390,5,0,1,2,1,,,,,05/01,05/31
AKDNR,2016,A2013-207,388,6,0,1,2,1,,,,,06/01,06/30
AKDNR,2016,A2013-207,389,6,0,1,2,1,,,,,06/01,06/30
AKDNR,2016,A2013-207,390,6,0,1,2,1,,,,,06/01,06/30
AKDNR,2016,A2013-207,388,7,0,1,2,1,,,,,07/01,07/31
AKDNR,2016,A2013-207,389,7,0,1,2,1,,,,,07/01,07/31
AKDNR,2016,A2013-207,390,7,0,1,2,1,,,,,07/01,07/31
AKDNR,2016,A2013-207,388,8,0,1,2,1,,,,,08/01,08/31
AKDNR,2016,A2013-207,389,8,0,1,2,1,,,,,08/01,08/31
AKDNR,2016,A2013-207,390,8,0,1,2,1,,,,,08/01,08/31
AKDNR,2016,A2013-207,388,9,0,1,2,1,,,,,09/01,09/30
AKDNR,2016,A2013-207,389,9,0,1,2,1,,,,,09/01,09/30
AKDNR,2016,A2013-207,390,9,0,1,2,1,,,,,09/01,09/30
AKDNR,2016,A2013-207,388,10,0,1,2,1,,,,,10/01,10/31
AKDNR,2016,A2013-207,389,10,0,1,2,1,,,,,10/01,10/31
AKDNR,2016,A2013-207,390,10,0,1,2,1,,,,,10/01,10/31
AKDNR,2016,A2013-207,388,11,0,1,2,1,,,,,11/01,30/01
AKDNR,2016,A2013-207,389,11,0,1,2,1,,,,,11/01,30/01
AKDNR,2016,A2013-207,390,11,0,1,2,1,,,,,11/01,30/01
AKDNR,2016,A2013-207,388,12,0,1,2,1,,,,,12/01,12/31
AKDNR,2016,A2013-207,389,12,0,1,2,1,,,,,12/01,12/31
AKDNR,2016,A2013-207,390,12,0,1,2,1,,,,,12/01,12/31
AKDNR,2017,A2013-207,388,1,0,1,2,1,,,,,01/01,01/31
AKDNR,2017,A2013-207,389,1,0,1,2,1,,,,,01/01,01/31
AKDNR,2017,A2013-207,390,1,0,1,2,1,,,,,01/01,01/31
AKDNR,2017,A2013-207,388,2,0,1,2,1,,,,,02/01,02/28
AKDNR,2017,A2013-207,389,2,0,1,2,1,,,,,02/01,02/28
AKDNR,2017,A2013-207,390,2,0,1,2,1,,,,,02/01,02/28
AKDNR,2017,A2013-207,388,3,0,1,2,1,,,,,03/01,03/31
AKDNR,2017,A2013-207,389,3,0,1,2,1,,,,,03/01,03/31
AKDNR,2017,A2013-207,390,3,0,1,2,1,,,,,03/01,03/31
AKDNR,2017,A2013-207,388,4,0,1,2,1,,,,,04/01,04/30
AKDNR,2017,A2013-207,389,4,0,1,2,1,,,,,04/01,04/30
AKDNR,2017,A2013-207,390,4,0,1,2,1,,,,,04/01,04/30
AKDNR,2017,A2013-207,388,5,0,1,2,1,,,,,05/01,05/31
AKDNR,2017,A2013-207,389,5,0,1,2,1,,,,,05/01,05/31
AKDNR,2017,A2013-207,390,5,0,1,2,1,,,,,05/01,05/31
AKDNR,2017,A2013-207,388,6,0,1,2,1,,,,,06/01,06/30
AKDNR,2017,A2013-207,389,6,0,1,2,1,,,,,06/01,06/30
AKDNR,2017,A2013-207,390,6,0,1,2,1,,,,,06/01,06/30
AKDNR,2017,A2013-207,388,7,0,1,2,1,,,,,07/01,07/31
AKDNR,2017,A2013-207,389,7,0,1,2,1,,,,,07/01,07/31
AKDNR,2017,A2013-207,390,7,0,1,2,1,,,,,07/01,07/31
AKDNR,2017,A2013-207,388,8,0,1,2,1,,,,,08/01,08/31
AKDNR,2017,A2013-207,389,8,0,1,2,1,,,,,08/01,08/31
AKDNR,2017,A2013-207,390,8,0,1,2,1,,,,,08/01,08/31
AKDNR,2017,A2013-207,388,9,0,1,2,1,,,,,09/01,09/30
AKDNR,2017,A2013-207,389,9,0,1,2,1,,,,,09/01,09/30
AKDNR,2017,A2013-207,390,9,0,1,2,1,,,,,09/01,09/30
AKDNR,2017,A2013-207,388,10,0,1,2,1,,,,,10/01,10/31
AKDNR,2017,A2013-207,389,10,0,1,2,1,,,,,10/01,10/31
AKDNR,2017,A2013-207,390,10,0,1,2,1,,,,,10/01,10/31
AKDNR,2017,A2013-207,388,11,0,1,2,1,,,,,11/01,30/01
AKDNR,2017,A2013-207,389,11,0,1,2,1,,,,,11/01,30/01
AKDNR,2017,A2013-207,390,11,0,1,2,1,,,,,11/01,30/01
AKDNR,2017,A2013-207,388,12,0,1,2,1,,,,,12/01,12/31
AKDNR,2017,A2013-207,389,12,0,1,2,1,,,,,12/01,12/31
AKDNR,2017,A2013-207,390,12,0,1,2,1,,,,,12/01,12/31
AKDNR,2016,A2013-208,394,4,0,1,2,1,,,,,04/01,04/30
AKDNR,2016,A2013-208,393,4,0,1,2,1,,,,,04/01,04/30
AKDNR,2016,A2013-208,395,4,0,1,2,1,,,,,04/01,04/30
AKDNR,2016,A2013-208,392,4,0,1,2,1,,,,,04/01,04/30
AKDNR,2016,A2013-208,394,5,0,1,2,1,,,,,05/01,05/31
AKDNR,2016,A2013-208,393,5,0,1,2,1,,,,,05/01,05/31
AKDNR,2016,A2013-208,395,5,0,1,2,1,,,,,05/01,05/31
AKDNR,2016,A2013-208,392,5,0,1,2,1,,,,,05/01,05/31
AKDNR,2016,A2013-208,394,6,0,1,2,1,,,,,06/01,06/30
AKDNR,2016,A2013-208,393,6,0,1,2,1,,,,,06/01,06/30
AKDNR,2016,A2013-208,395,6,0,1,2,1,,,,,06/01,06/30
AKDNR,2016,A2013-208,392,6,0,1,2,1,,,,,06/01,06/30
AKDNR,2016,A2013-208,394,7,0,1,2,1,,,,,07/01,07/31
AKDNR,2016,A2013-208,393,7,0,1,2,1,,,,,07/01,07/31
AKDNR,2016,A2013-208,395,7,0,1,2,1,,,,,07/01,07/31
AKDNR,2016,A2013-208,392,7,0,1,2,1,,,,,07/01,07/31
AKDNR,2016,A2013-208,394,8,0,1,2,1,,,,,08/01,08/31
AKDNR,2016,A2013-208,393,8,0,1,2,1,,,,,08/01,08/31
AKDNR,2016,A2013-208,395,8,0,1,2,1,,,,,08/01,08/31
AKDNR,2016,A2013-208,392,8,0,1,2,1,,,,,08/01,08/31
AKDNR,2016,A2013-208,394,9,0,1,2,1,,,,,09/01,09/30
AKDNR,2016,A2013-208,393,9,0,1,2,1,,,,,09/01,09/30
AKDNR,2016,A2013-208,395,9,0,1,2,1,,,,,09/01,09/30
AKDNR,2016,A2013-208,392,9,0,1,2,1,,,,,09/01,09/30
AKDNR,2016,A2013-208,394,10,0,1,2,1,,,,,10/01,10/31
AKDNR,2016,A2013-208,393,10,0,1,2,1,,,,,10/01,10/31
AKDNR,2016,A2013-208,395,10,0,1,2,1,,,,,10/01,10/31
AKDNR,2016,A2013-208,392,10,0,1,2,1,,,,,10/01,10/31
AKDNR,2016,A2013-208,394,11,0,1,2,1,,,,,11/01,30/01
AKDNR,2016,A2013-208,393,11,0,1,2,1,,,,,11/01,30/01
AKDNR,2016,A2013-208,395,11,0,1,2,1,,,,,11/01,30/01
AKDNR,2016,A2013-208,392,11,0,1,2,1,,,,,11/01,30/01
AKDNR,2016,A2013-208,394,12,0,1,2,1,,,,,12/01,12/31
AKDNR,2016,A2013-208,393,12,0,1,2,1,,,,,12/01,12/31
AKDNR,2016,A2013-208,395,12,0,1,2,1,,,,,12/01,12/31
AKDNR,2016,A2013-208,392,12,0,1,2,1,,,,,12/01,12/31
AKDNR,2017,A2013-208,394,1,0,1,2,1,,,,,01/01,01/31
AKDNR,2017,A2013-208,393,1,0,1,2,1,,,,,01/01,01/31
AKDNR,2017,A2013-208,395,1,0,1,2,1,,,,,01/01,01/31
AKDNR,2017,A2013-208,392,1,0,1,2,1,,,,,01/01,01/31
AKDNR,2017,A2013-208,394,2,0,1,2,1,,,,,02/01,02/28
AKDNR,2017,A2013-208,393,2,0,1,2,1,,,,,02/01,02/28
AKDNR,2017,A2013-208,395,2,0,1,2,1,,,,,02/01,02/28
AKDNR,2017,A2013-208,392,2,0,1,2,1,,,,,02/01,02/28
AKDNR,2017,A2013-208,394,3,0,1,2,1,,,,,03/01,03/31
AKDNR,2017,A2013-208,393,3,0,1,2,1,,,,,03/01,03/31
AKDNR,2017,A2013-208,395,3,0,1,2,1,,,,,03/01,03/31
AKDNR,2017,A2013-208,392,3,0,1,2,1,,,,,03/01,03/31
AKDNR,2017,A2013-208,394,4,0,1,2,1,,,,,04/01,04/30
AKDNR,2017,A2013-208,393,4,0,1,2,1,,,,,04/01,04/30
AKDNR,2017,A2013-208,395,4,0,1,2,1,,,,,04/01,04/30
AKDNR,2017,A2013-208,392,4,0,1,2,1,,,,,04/01,04/30
AKDNR,2017,A2013-208,394,5,0,1,2,1,,,,,05/01,05/31
AKDNR,2017,A2013-208,393,5,0,1,2,1,,,,,05/01,05/31
AKDNR,2017,A2013-208,395,5,0,1,2,1,,,,,05/01,05/31
AKDNR,2017,A2013-208,392,5,0,1,2,1,,,,,05/01,05/31
AKDNR,2017,A2013-208,394,6,0,1,2,1,,,,,06/01,06/30
AKDNR,2017,A2013-208,393,6,0,1,2,1,,,,,06/01,06/30
AKDNR,2017,A2013-208,395,6,0,1,2,1,,,,,06/01,06/30
AKDNR,2017,A2013-208,392,6,0,1,2,1,,,,,06/01,06/30
AKDNR,2017,A2013-208,394,7,0,1,2,1,,,,,07/01,07/31
AKDNR,2017,A2013-208,393,7,0,1,2,1,,,,,07/01,07/31
AKDNR,2017,A2013-208,395,7,0,1,2,1,,,,,07/01,07/31
AKDNR,2017,A2013-208,392,7,0,1,2,1,,,,,07/01,07/31
AKDNR,2017,A2013-208,394,8,0,1,2,1,,,,,08/01,08/31
AKDNR,2017,A2013-208,393,8,0,1,2,1,,,,,08/01,08/31
AKDNR,2017,A2013-208,395,8,0,1,2,1,,,,,08/01,08/31
AKDNR,2017,A2013-208,392,8,0,1,2,1,,,,,08/01,08/31
AKDNR,2017,A2013-208,394,9,0,1,2,1,,,,,09/01,09/30
AKDNR,2017,A2013-208,393,9,0,1,2,1,,,,,09/01,09/30
AKDNR,2017,A2013-208,395,9,0,1,2,1,,,,,09/01,09/30
AKDNR,2017,A2013-208,392,9,0,1,2,1,,,,,09/01,09/30
AKDNR,2017,A2013-208,394,10,0,1,2,1,,,,,10/01,10/31
AKDNR,2017,A2013-208,393,10,0,1,2,1,,,,,10/01,10/31
AKDNR,2017,A2013-208,395,10,0,1,2,1,,,,,10/01,10/31
AKDNR,2017,A2013-208,392,10,0,1,2,1,,,,,10/01,10/31
AKDNR,2017,A2013-208,394,11,0,1,2,1,,,,,11/01,30/01
AKDNR,2017,A2013-208,393,11,0,1,2,1,,,,,11/01,30/01
AKDNR,2017,A2013-208,395,11,0,1,2,1,,,,,11/01,30/01
AKDNR,2017,A2013-208,392,11,0,1,2,1,,,,,11/01,30/01
AKDNR,2017,A2013-208,394,12,0,1,2,1,,,,,12/01,12/31
AKDNR,2017,A2013-208,393,12,0,1,2,1,,,,,12/01,12/31
AKDNR,2017,A2013-208,395,12,0,1,2,1,,,,,12/01,12/31
AKDNR,2017,A2013-208,392,12,0,1,2,1,,,,,12/01,12/31
AKDNR,2016,A2013-209,397,4,0,1,2,1,,,,,04/01,04/30
AKDNR,2016,A2013-209,397,5,0,1,2,1,,,,,05/01,05/31
AKDNR,2016,A2013-209,397,6,0,1,2,1,,,,,06/01,06/30
AKDNR,2016,A2013-209,397,7,0,1,2,1,,,,,07/01,07/31
AKDNR,2016,A2013-209,397,8,0,1,2,1,,,,,08/01,08/31
AKDNR,2016,A2013-209,397,9,0,1,2,1,,,,,09/01,09/30
AKDNR,2016,A2013-209,397,10,0,1,2,1,,,,,10/01,10/31
AKDNR,2016,A2013-209,397,11,0,1,2,1,,,,,11/01,30/01
AKDNR,2016,A2013-209,397,12,0,1,2,1,,,,,12/01,12/31
AKDNR,2017,A2013-209,397,1,0,1,2,1,,,,,01/01,01/31
AKDNR,2017,A2013-209,397,2,0,1,2,1,,,,,02/01,02/28
AKDNR,2017,A2013-209,397,3,0,1,2,1,,,,,03/01,03/31
AKDNR,2017,A2013-209,397,4,0,1,2,1,,,,,04/01,04/30
AKDNR,2017,A2013-209,397,5,0,1,2,1,,,,,05/01,05/31
AKDNR,2017,A2013-209,397,6,0,1,2,1,,,,,06/01,06/30
AKDNR,2017,A2013-209,397,7,0,1,2,1,,,,,07/01,07/31
AKDNR,2017,A2013-209,397,8,0,1,2,1,,,,,08/01,08/31
AKDNR,2017,A2013-209,397,9,0,1,2,1,,,,,09/01,09/30
AKDNR,2017,A2013-209,397,10,0,1,2,1,,,,,10/01,10/31
AKDNR,2017,A2013-209,397,11,0,1,2,1,,,,,11/01,30/01
AKDNR,2017,A2013-209,397,12,0,1,2,1,,,,,12/01,12/31
AKDNR,2016,A2013-210,399,4,0,1,2,1,,,,,04/01,04/30
AKDNR,2016,A2013-210,399,5,0,1,2,1,,,,,05/01,05/31
AKDNR,2016,A2013-210,399,6,0,1,2,1,,,,,06/01,06/30
AKDNR,2016,A2013-210,399,7,0,1,2,1,,,,,07/01,07/31
AKDNR,2016,A2013-210,399,8,0,1,2,1,,,,,08/01,08/31
AKDNR,2016,A2013-210,399,9,0,1,2,1,,,,,09/01,09/30
AKDNR,2016,A2013-210,399,10,0,1,2,1,,,,,10/01,10/31
AKDNR,2016,A2013-210,399,11,0,1,2,1,,,,,11/01,30/01
AKDNR,2016,A2013-210,399,12,0,1,2,1,,,,,12/01,12/31
AKDNR,2017,A2013-210,399,1,0,1,2,1,,,,,01/01,01/31
AKDNR,2017,A2013-210,399,2,0,1,2,1,,,,,02/01,02/28
AKDNR,2017,A2013-210,399,3,0,1,2,1,,,,,03/01,03/31
AKDNR,2017,A2013-210,399,4,0,1,2,1,,,,,04/01,04/30
AKDNR,2017,A2013-210,399,5,0,1,2,1,,,,,05/01,05/31
AKDNR,2017,A2013-210,399,6,0,1,2,1,,,,,06/01,06/30
AKDNR,2017,A2013-210,399,7,0,1,2,1,,,,,07/01,07/31
AKDNR,2017,A2013-210,399,8,0,1,2,1,,,,,08/01,08/31
AKDNR,2017,A2013-210,399,9,0,1,2,1,,,,,09/01,09/30
AKDNR,2017,A2013-210,399,10,0,1,2,1,,,,,10/01,10/31
AKDNR,2017,A2013-210,399,11,0,1,2,1,,,,,11/01,30/01
AKDNR,2017,A2013-210,399,12,0,1,2,1,,,,,12/01,12/31
